mtllib Chip_Platform.mtl
o Chip1
usemtl standardSurface1
v 33.74861526489258 0.6433365345001221 -81.47637176513672
v 25.58869171142578 0.6433374881744385 -61.77656555175781
v -25.58869171142578 0.6433384418487549 -61.77656555175781
v 33.74861526489258 0.6433365345001221 -81.47637176513672
v -25.58869171142578 0.6433384418487549 -61.77656555175781
v -33.748619079589844 0.6433365345001221 -81.47636413574219
v 81.47636413574219 0.6433460712432861 -33.748619079589844
v 61.77656555175781 0.6433346271514893 -25.58869171142578
v 25.58869171142578 0.6433374881744385 -61.77656555175781
v 81.47636413574219 0.6433460712432861 -33.748619079589844
v 25.58869171142578 0.6433374881744385 -61.77656555175781
v 33.74861526489258 0.6433365345001221 -81.47637176513672
v 81.47637176513672 0.6433460712432861 33.74861526489258
v 61.77656555175781 0.6433346271514893 25.58869171142578
v 61.77656555175781 0.6433346271514893 -25.58869171142578
v 81.47637176513672 0.6433460712432861 33.74861526489258
v 61.77656555175781 0.6433346271514893 -25.58869171142578
v 81.47636413574219 0.6433460712432861 -33.748619079589844
v 33.748619079589844 0.6433327198028564 81.47636413574219
v 25.58869171142578 0.6433374881744385 61.77656555175781
v 61.77656555175781 0.6433346271514893 25.58869171142578
v 33.748619079589844 0.6433327198028564 81.47636413574219
v 61.77656555175781 0.6433346271514893 25.58869171142578
v 81.47637176513672 0.6433460712432861 33.74861526489258
v -33.74861526489258 0.6433393955230713 81.47637176513672
v -25.588708877563477 0.6433384418487549 61.77656936645508
v 25.58869171142578 0.6433374881744385 61.77656555175781
v -33.74861526489258 0.6433393955230713 81.47637176513672
v 25.58869171142578 0.6433374881744385 61.77656555175781
v 33.748619079589844 0.6433327198028564 81.47636413574219
v -81.47636413574219 0.6433441638946533 33.748619079589844
v -61.776573181152344 0.6433346271514893 25.588693618774414
v -25.588708877563477 0.6433384418487549 61.77656936645508
v -81.47636413574219 0.6433441638946533 33.748619079589844
v -25.588708877563477 0.6433384418487549 61.77656936645508
v -33.74861526489258 0.6433393955230713 81.47637176513672
v -81.47637176513672 0.643347978591919 -33.74861526489258
v -61.776573181152344 0.6433327198028564 -25.588708877563477
v -61.776573181152344 0.6433346271514893 25.588693618774414
v -81.47637176513672 0.643347978591919 -33.74861526489258
v -61.776573181152344 0.6433346271514893 25.588693618774414
v -81.47636413574219 0.6433441638946533 33.748619079589844
v -33.748619079589844 0.6433365345001221 -81.47636413574219
v -25.58869171142578 0.6433384418487549 -61.77656555175781
v -61.776573181152344 0.6433327198028564 -25.588708877563477
v -33.748619079589844 0.6433365345001221 -81.47636413574219
v -61.776573181152344 0.6433327198028564 -25.588708877563477
v -81.47637176513672 0.643347978591919 -33.74861526489258
v -51.00113296508789 -3.295172691345215 -123.12763977050781
v -50.42788314819336 -4.328396797180176 -121.74369812011719
v -121.74371337890625 -4.328398704528809 -50.42789840698242
v -51.00113296508789 -3.295172691345215 -123.12763977050781
v -121.74371337890625 -4.328398704528809 -50.42789840698242
v -123.12764739990234 -3.295182228088379 -51.00114059448242
v -50.42788314819336 -4.328396797180176 -121.74369812011719
v -51.00113296508789 -3.295172691345215 -123.12763977050781
v 51.001163482666016 -3.2951784133911133 -123.12763977050781
v -50.42788314819336 -4.328396797180176 -121.74369812011719
v 51.001163482666016 -3.2951784133911133 -123.12763977050781
v 50.427894592285156 -4.328402519226074 -121.74369812011719
v 50.427894592285156 -4.328402519226074 -121.74369812011719
v 51.001163482666016 -3.2951784133911133 -123.12763977050781
v 123.12763977050781 -3.295170783996582 -51.00113296508789
v 50.427894592285156 -4.328402519226074 -121.74369812011719
v 123.12763977050781 -3.295170783996582 -51.00113296508789
v 121.74369812011719 -4.328398704528809 -50.42788314819336
v 121.74369812011719 -4.328398704528809 -50.42788314819336
v 123.12763977050781 -3.295170783996582 -51.00113296508789
v 123.12763977050781 -3.295170783996582 51.001163482666016
v 121.74369812011719 -4.328398704528809 -50.42788314819336
v 123.12763977050781 -3.295170783996582 51.001163482666016
v 121.74369812011719 -4.328398704528809 50.427894592285156
v 121.74369812011719 -4.328398704528809 50.427894592285156
v 123.12763977050781 -3.295170783996582 51.001163482666016
v 51.001136779785156 -3.295170783996582 123.12763977050781
v 121.74369812011719 -4.328398704528809 50.427894592285156
v 51.001136779785156 -3.295170783996582 123.12763977050781
v 50.427886962890625 -4.32840633392334 121.74369812011719
v 50.427886962890625 -4.32840633392334 121.74369812011719
v 51.001136779785156 -3.295170783996582 123.12763977050781
v -51.00114440917969 -3.295168876647949 123.12764739990234
v 50.427886962890625 -4.32840633392334 121.74369812011719
v -51.00114440917969 -3.295168876647949 123.12764739990234
v -50.42789840698242 -4.328398704528809 121.74370574951172
v -50.42789840698242 -4.328398704528809 121.74370574951172
v -51.00114440917969 -3.295168876647949 123.12764739990234
v -123.12765502929688 -3.2951784133911133 51.00114440917969
v -50.42789840698242 -4.328398704528809 121.74370574951172
v -123.12765502929688 -3.2951784133911133 51.00114440917969
v -121.74371337890625 -4.328398704528809 50.42789077758789
v -121.74371337890625 -4.328398704528809 50.42789077758789
v -123.12765502929688 -3.2951784133911133 51.00114440917969
v -123.12764739990234 -3.295182228088379 -51.00114059448242
v -121.74371337890625 -4.328398704528809 50.42789077758789
v -123.12764739990234 -3.295182228088379 -51.00114059448242
v -121.74371337890625 -4.328398704528809 -50.42789840698242
v -33.748619079589844 -3.3341550827026367 -81.47636413574219
v -34.30023956298828 -4.328400611877441 -82.80809783935547
v 34.300235748291016 -4.328396797180176 -82.80810546875
v -33.748619079589844 -3.3341550827026367 -81.47636413574219
v 34.300235748291016 -4.328396797180176 -82.80810546875
v 33.74861526489258 -3.3341598510742188 -81.47637176513672
v -34.30023956298828 -4.328400611877441 -82.80809783935547
v -33.748619079589844 -3.3341550827026367 -81.47636413574219
v -81.47637176513672 -3.3341522216796875 -33.74861526489258
v -34.30023956298828 -4.328400611877441 -82.80809783935547
v -81.47637176513672 -3.3341522216796875 -33.74861526489258
v -82.80810546875 -4.3283891677856445 -34.300235748291016
v 33.74861526489258 -3.3341598510742188 -81.47637176513672
v 34.300235748291016 -4.328396797180176 -82.80810546875
v 82.80809783935547 -4.3283891677856445 -34.30023956298828
v 33.74861526489258 -3.3341598510742188 -81.47637176513672
v 82.80809783935547 -4.3283891677856445 -34.30023956298828
v 81.47636413574219 -3.3341522216796875 -33.748619079589844
v 81.47636413574219 -3.3341522216796875 -33.748619079589844
v 82.80809783935547 -4.3283891677856445 -34.30023956298828
v 82.80810546875 -4.328396797180176 34.300235748291016
v 81.47636413574219 -3.3341522216796875 -33.748619079589844
v 82.80810546875 -4.328396797180176 34.300235748291016
v 81.47637176513672 -3.3341541290283203 33.74861526489258
v 81.47637176513672 -3.3341541290283203 33.74861526489258
v 82.80810546875 -4.328396797180176 34.300235748291016
v 34.30023956298828 -4.328397750854492 82.80809783935547
v 81.47637176513672 -3.3341541290283203 33.74861526489258
v 34.30023956298828 -4.328397750854492 82.80809783935547
v 33.748619079589844 -3.334160804748535 81.47636413574219
v 33.748619079589844 -3.334160804748535 81.47636413574219
v 34.30023956298828 -4.328397750854492 82.80809783935547
v -34.300235748291016 -4.328401565551758 82.80810546875
v 33.748619079589844 -3.334160804748535 81.47636413574219
v -34.300235748291016 -4.328401565551758 82.80810546875
v -33.74861526489258 -3.334157943725586 81.47637176513672
v -33.74861526489258 -3.334157943725586 81.47637176513672
v -34.300235748291016 -4.328401565551758 82.80810546875
v -82.80809783935547 -4.328391075134277 34.30023956298828
v -33.74861526489258 -3.334157943725586 81.47637176513672
v -82.80809783935547 -4.328391075134277 34.30023956298828
v -81.47636413574219 -3.3341598510742188 33.748619079589844
v -81.47636413574219 -3.3341598510742188 33.748619079589844
v -82.80809783935547 -4.328391075134277 34.30023956298828
v -82.80810546875 -4.3283891677856445 -34.300235748291016
v -81.47636413574219 -3.3341598510742188 33.748619079589844
v -82.80810546875 -4.3283891677856445 -34.300235748291016
v -81.47637176513672 -3.3341522216796875 -33.74861526489258
v -25.03706932067871 -4.328400611877441 -60.44483184814453
v -25.58869171142578 -3.334151268005371 -61.77656555175781
v 25.58869171142578 -3.3341550827026367 -61.77656555175781
v -25.03706932067871 -4.328400611877441 -60.44483184814453
v 25.58869171142578 -3.3341550827026367 -61.77656555175781
v 25.03706932067871 -4.328402519226074 -60.44483947753906
v -25.58869171142578 -3.334151268005371 -61.77656555175781
v -25.03706932067871 -4.328400611877441 -60.44483184814453
v -60.44484329223633 -4.328396797180176 -25.037084579467773
v -25.58869171142578 -3.334151268005371 -61.77656555175781
v -60.44484329223633 -4.328396797180176 -25.037084579467773
v -61.77656936645508 -3.3341617584228516 -25.588708877563477
v 25.03706932067871 -4.328402519226074 -60.44483947753906
v 25.58869171142578 -3.3341550827026367 -61.77656555175781
v 61.77656555175781 -3.3341617584228516 -25.58869171142578
v 25.03706932067871 -4.328402519226074 -60.44483947753906
v 61.77656555175781 -3.3341617584228516 -25.58869171142578
v 60.44483184814453 -4.328396797180176 -25.03706932067871
v 60.44483184814453 -4.328396797180176 -25.03706932067871
v 61.77656555175781 -3.3341617584228516 -25.58869171142578
v 61.77656555175781 -3.3341617584228516 25.58869171142578
v 60.44483184814453 -4.328396797180176 -25.03706932067871
v 61.77656555175781 -3.3341617584228516 25.58869171142578
v 60.44483947753906 -4.328398704528809 25.03706932067871
v 60.44483947753906 -4.328398704528809 25.03706932067871
v 61.77656555175781 -3.3341617584228516 25.58869171142578
v 25.58869171142578 -3.3341550827026367 61.77656555175781
v 60.44483947753906 -4.328398704528809 25.03706932067871
v 25.58869171142578 -3.3341550827026367 61.77656555175781
v 25.03706932067871 -4.328402519226074 60.44483184814453
v 25.03706932067871 -4.328402519226074 60.44483184814453
v 25.58869171142578 -3.3341550827026367 61.77656555175781
v -25.588708877563477 -3.334160804748535 61.77656936645508
v 25.03706932067871 -4.328402519226074 60.44483184814453
v -25.588708877563477 -3.334160804748535 61.77656936645508
v -25.037084579467773 -4.328395843505859 60.44484329223633
v -25.037084579467773 -4.328395843505859 60.44484329223633
v -25.588708877563477 -3.334160804748535 61.77656936645508
v -61.776573181152344 -3.334157943725586 25.588693618774414
v -25.037084579467773 -4.328395843505859 60.44484329223633
v -61.776573181152344 -3.334157943725586 25.588693618774414
v -60.44483947753906 -4.328394889831543 25.037065505981445
v -60.44483947753906 -4.328394889831543 25.037065505981445
v -61.776573181152344 -3.334157943725586 25.588693618774414
v -61.77656936645508 -3.3341617584228516 -25.588708877563477
v -60.44483947753906 -4.328394889831543 25.037065505981445
v -61.77656936645508 -3.3341617584228516 -25.588708877563477
v -60.44484329223633 -4.328396797180176 -25.037084579467773
v 25.03706932067871 -4.328402519226074 -60.44483947753906
v -1.1920928955078125e-7 -4.328398704528809 7.183535127366565e-29
v -25.03706932067871 -4.328400611877441 -60.44483184814453
v 60.44483184814453 -4.328396797180176 -25.03706932067871
v -1.1920928955078125e-7 -4.328398704528809 7.183535127366565e-29
v 25.03706932067871 -4.328402519226074 -60.44483947753906
v 60.44483947753906 -4.328398704528809 25.03706932067871
v -1.1920928955078125e-7 -4.328398704528809 7.183535127366565e-29
v 60.44483184814453 -4.328396797180176 -25.03706932067871
v 25.03706932067871 -4.328402519226074 60.44483184814453
v -1.1920928955078125e-7 -4.328398704528809 7.183535127366565e-29
v 60.44483947753906 -4.328398704528809 25.03706932067871
v -25.037084579467773 -4.328395843505859 60.44484329223633
v -1.1920928955078125e-7 -4.328398704528809 7.183535127366565e-29
v 25.03706932067871 -4.328402519226074 60.44483184814453
v -60.44483947753906 -4.328394889831543 25.037065505981445
v -1.1920928955078125e-7 -4.328398704528809 7.183535127366565e-29
v -25.037084579467773 -4.328395843505859 60.44484329223633
v -60.44484329223633 -4.328396797180176 -25.037084579467773
v -1.1920928955078125e-7 -4.328398704528809 7.183535127366565e-29
v -60.44483947753906 -4.328394889831543 25.037065505981445
v -25.03706932067871 -4.328400611877441 -60.44483184814453
v -1.1920928955078125e-7 -4.328398704528809 7.183535127366565e-29
v -60.44484329223633 -4.328396797180176 -25.037084579467773
v 25.58869171142578 -3.3341550827026367 -61.77656555175781
v -25.58869171142578 -3.334151268005371 -61.77656555175781
v -25.58869171142578 0.6433384418487549 -61.77656555175781
v 25.58869171142578 -3.3341550827026367 -61.77656555175781
v -25.58869171142578 0.6433384418487549 -61.77656555175781
v 25.58869171142578 0.6433374881744385 -61.77656555175781
v -33.748619079589844 -3.3341550827026367 -81.47636413574219
v 33.74861526489258 -3.3341598510742188 -81.47637176513672
v 33.74861526489258 0.6433365345001221 -81.47637176513672
v -33.748619079589844 -3.3341550827026367 -81.47636413574219
v 33.74861526489258 0.6433365345001221 -81.47637176513672
v -33.748619079589844 0.6433365345001221 -81.47636413574219
v 61.77656555175781 -3.3341617584228516 -25.58869171142578
v 25.58869171142578 -3.3341550827026367 -61.77656555175781
v 25.58869171142578 0.6433374881744385 -61.77656555175781
v 61.77656555175781 -3.3341617584228516 -25.58869171142578
v 25.58869171142578 0.6433374881744385 -61.77656555175781
v 61.77656555175781 0.6433346271514893 -25.58869171142578
v 33.74861526489258 -3.3341598510742188 -81.47637176513672
v 81.47636413574219 -3.3341522216796875 -33.748619079589844
v 81.47636413574219 0.6433460712432861 -33.748619079589844
v 33.74861526489258 -3.3341598510742188 -81.47637176513672
v 81.47636413574219 0.6433460712432861 -33.748619079589844
v 33.74861526489258 0.6433365345001221 -81.47637176513672
v 61.77656555175781 -3.3341617584228516 25.58869171142578
v 61.77656555175781 -3.3341617584228516 -25.58869171142578
v 61.77656555175781 0.6433346271514893 -25.58869171142578
v 61.77656555175781 -3.3341617584228516 25.58869171142578
v 61.77656555175781 0.6433346271514893 -25.58869171142578
v 61.77656555175781 0.6433346271514893 25.58869171142578
v 81.47636413574219 -3.3341522216796875 -33.748619079589844
v 81.47637176513672 -3.3341541290283203 33.74861526489258
v 81.47637176513672 0.6433460712432861 33.74861526489258
v 81.47636413574219 -3.3341522216796875 -33.748619079589844
v 81.47637176513672 0.6433460712432861 33.74861526489258
v 81.47636413574219 0.6433460712432861 -33.748619079589844
v 25.58869171142578 -3.3341550827026367 61.77656555175781
v 61.77656555175781 -3.3341617584228516 25.58869171142578
v 61.77656555175781 0.6433346271514893 25.58869171142578
v 25.58869171142578 -3.3341550827026367 61.77656555175781
v 61.77656555175781 0.6433346271514893 25.58869171142578
v 25.58869171142578 0.6433374881744385 61.77656555175781
v 81.47637176513672 -3.3341541290283203 33.74861526489258
v 33.748619079589844 -3.334160804748535 81.47636413574219
v 33.748619079589844 0.6433327198028564 81.47636413574219
v 81.47637176513672 -3.3341541290283203 33.74861526489258
v 33.748619079589844 0.6433327198028564 81.47636413574219
v 81.47637176513672 0.6433460712432861 33.74861526489258
v -25.588708877563477 -3.334160804748535 61.77656936645508
v 25.58869171142578 -3.3341550827026367 61.77656555175781
v 25.58869171142578 0.6433374881744385 61.77656555175781
v -25.588708877563477 -3.334160804748535 61.77656936645508
v 25.58869171142578 0.6433374881744385 61.77656555175781
v -25.588708877563477 0.6433384418487549 61.77656936645508
v 33.748619079589844 -3.334160804748535 81.47636413574219
v -33.74861526489258 -3.334157943725586 81.47637176513672
v -33.74861526489258 0.6433393955230713 81.47637176513672
v 33.748619079589844 -3.334160804748535 81.47636413574219
v -33.74861526489258 0.6433393955230713 81.47637176513672
v 33.748619079589844 0.6433327198028564 81.47636413574219
v -61.776573181152344 -3.334157943725586 25.588693618774414
v -25.588708877563477 -3.334160804748535 61.77656936645508
v -25.588708877563477 0.6433384418487549 61.77656936645508
v -61.776573181152344 -3.334157943725586 25.588693618774414
v -25.588708877563477 0.6433384418487549 61.77656936645508
v -61.776573181152344 0.6433346271514893 25.588693618774414
v -33.74861526489258 -3.334157943725586 81.47637176513672
v -81.47636413574219 -3.3341598510742188 33.748619079589844
v -81.47636413574219 0.6433441638946533 33.748619079589844
v -33.74861526489258 -3.334157943725586 81.47637176513672
v -81.47636413574219 0.6433441638946533 33.748619079589844
v -33.74861526489258 0.6433393955230713 81.47637176513672
v -61.77656936645508 -3.3341617584228516 -25.588708877563477
v -61.776573181152344 -3.334157943725586 25.588693618774414
v -61.776573181152344 0.6433346271514893 25.588693618774414
v -61.77656936645508 -3.3341617584228516 -25.588708877563477
v -61.776573181152344 0.6433346271514893 25.588693618774414
v -61.776573181152344 0.6433327198028564 -25.588708877563477
v -81.47636413574219 -3.3341598510742188 33.748619079589844
v -81.47637176513672 -3.3341522216796875 -33.74861526489258
v -81.47637176513672 0.643347978591919 -33.74861526489258
v -81.47636413574219 -3.3341598510742188 33.748619079589844
v -81.47637176513672 0.643347978591919 -33.74861526489258
v -81.47636413574219 0.6433441638946533 33.748619079589844
v -25.58869171142578 -3.334151268005371 -61.77656555175781
v -61.77656936645508 -3.3341617584228516 -25.588708877563477
v -61.776573181152344 0.6433327198028564 -25.588708877563477
v -25.58869171142578 -3.334151268005371 -61.77656555175781
v -61.776573181152344 0.6433327198028564 -25.588708877563477
v -25.58869171142578 0.6433384418487549 -61.77656555175781
v -81.47637176513672 -3.3341522216796875 -33.74861526489258
v -33.748619079589844 -3.3341550827026367 -81.47636413574219
v -33.748619079589844 0.6433365345001221 -81.47636413574219
v -81.47637176513672 -3.3341522216796875 -33.74861526489258
v -33.748619079589844 0.6433365345001221 -81.47636413574219
v -81.47637176513672 0.643347978591919 -33.74861526489258
v 50.427894592285156 -4.328402519226074 -121.74369812011719
v 34.300235748291016 -4.328396797180176 -82.80810546875
v -34.30023956298828 -4.328400611877441 -82.80809783935547
v 50.427894592285156 -4.328402519226074 -121.74369812011719
v -34.30023956298828 -4.328400611877441 -82.80809783935547
v -50.42788314819336 -4.328396797180176 -121.74369812011719
v 121.74369812011719 -4.328398704528809 -50.42788314819336
v 82.80809783935547 -4.3283891677856445 -34.30023956298828
v 34.300235748291016 -4.328396797180176 -82.80810546875
v 121.74369812011719 -4.328398704528809 -50.42788314819336
v 34.300235748291016 -4.328396797180176 -82.80810546875
v 50.427894592285156 -4.328402519226074 -121.74369812011719
v 121.74369812011719 -4.328398704528809 50.427894592285156
v 82.80810546875 -4.328396797180176 34.300235748291016
v 82.80809783935547 -4.3283891677856445 -34.30023956298828
v 121.74369812011719 -4.328398704528809 50.427894592285156
v 82.80809783935547 -4.3283891677856445 -34.30023956298828
v 121.74369812011719 -4.328398704528809 -50.42788314819336
v 50.427886962890625 -4.32840633392334 121.74369812011719
v 34.30023956298828 -4.328397750854492 82.80809783935547
v 82.80810546875 -4.328396797180176 34.300235748291016
v 50.427886962890625 -4.32840633392334 121.74369812011719
v 82.80810546875 -4.328396797180176 34.300235748291016
v 121.74369812011719 -4.328398704528809 50.427894592285156
v -50.42789840698242 -4.328398704528809 121.74370574951172
v -34.300235748291016 -4.328401565551758 82.80810546875
v 34.30023956298828 -4.328397750854492 82.80809783935547
v -50.42789840698242 -4.328398704528809 121.74370574951172
v 34.30023956298828 -4.328397750854492 82.80809783935547
v 50.427886962890625 -4.32840633392334 121.74369812011719
v -121.74371337890625 -4.328398704528809 50.42789077758789
v -82.80809783935547 -4.328391075134277 34.30023956298828
v -34.300235748291016 -4.328401565551758 82.80810546875
v -121.74371337890625 -4.328398704528809 50.42789077758789
v -34.300235748291016 -4.328401565551758 82.80810546875
v -50.42789840698242 -4.328398704528809 121.74370574951172
v -121.74371337890625 -4.328398704528809 -50.42789840698242
v -82.80810546875 -4.3283891677856445 -34.300235748291016
v -82.80809783935547 -4.328391075134277 34.30023956298828
v -121.74371337890625 -4.328398704528809 -50.42789840698242
v -82.80809783935547 -4.328391075134277 34.30023956298828
v -121.74371337890625 -4.328398704528809 50.42789077758789
v -50.42788314819336 -4.328396797180176 -121.74369812011719
v -34.30023956298828 -4.328400611877441 -82.80809783935547
v -82.80810546875 -4.3283891677856445 -34.300235748291016
v -50.42788314819336 -4.328396797180176 -121.74369812011719
v -82.80810546875 -4.3283891677856445 -34.300235748291016
v -121.74371337890625 -4.328398704528809 -50.42789840698242
v -33.74861526489258 1.3315263986587524 -81.47637176513672
v -25.58869171142578 1.3315273523330688 -61.77656555175781
v 25.588693618774414 1.3315244913101196 -61.77656555175781
v -33.74861526489258 1.3315263986587524 -81.47637176513672
v 25.588693618774414 1.3315244913101196 -61.77656555175781
v 33.748619079589844 1.3315263986587524 -81.47636413574219
v -81.47636413574219 1.3315168619155884 -33.748619079589844
v -61.77656555175781 1.3315283060073853 -25.58869171142578
v -25.58869171142578 1.3315273523330688 -61.77656555175781
v -81.47636413574219 1.3315168619155884 -33.748619079589844
v -25.58869171142578 1.3315273523330688 -61.77656555175781
v -33.74861526489258 1.3315263986587524 -81.47637176513672
v -81.47637176513672 1.3315168619155884 33.74861526489258
v -61.77656555175781 1.3315283060073853 25.58869171142578
v -61.77656555175781 1.3315283060073853 -25.58869171142578
v -81.47637176513672 1.3315168619155884 33.74861526489258
v -61.77656555175781 1.3315283060073853 -25.58869171142578
v -81.47636413574219 1.3315168619155884 -33.748619079589844
v -33.748619079589844 1.3315292596817017 81.47636413574219
v -25.58869171142578 1.3315273523330688 61.77656555175781
v -61.77656555175781 1.3315283060073853 25.58869171142578
v -33.748619079589844 1.3315292596817017 81.47636413574219
v -61.77656555175781 1.3315283060073853 25.58869171142578
v -81.47637176513672 1.3315168619155884 33.74861526489258
v 33.74861526489258 1.3315235376358032 81.47637176513672
v 25.588708877563477 1.3315244913101196 61.77656936645508
v -25.58869171142578 1.3315273523330688 61.77656555175781
v 33.74861526489258 1.3315235376358032 81.47637176513672
v -25.58869171142578 1.3315273523330688 61.77656555175781
v -33.748619079589844 1.3315292596817017 81.47636413574219
v 81.47636413574219 1.3315187692642212 33.748619079589844
v 61.77657699584961 1.3315283060073853 25.588693618774414
v 25.588708877563477 1.3315244913101196 61.77656936645508
v 81.47636413574219 1.3315187692642212 33.748619079589844
v 25.588708877563477 1.3315244913101196 61.77656936645508
v 33.74861526489258 1.3315235376358032 81.47637176513672
v 81.47637176513672 1.3315149545669556 -33.74861526489258
v 61.776573181152344 1.331530213356018 -25.588708877563477
v 61.77657699584961 1.3315283060073853 25.588693618774414
v 81.47637176513672 1.3315149545669556 -33.74861526489258
v 61.77657699584961 1.3315283060073853 25.588693618774414
v 81.47636413574219 1.3315187692642212 33.748619079589844
v 33.748619079589844 1.3315263986587524 -81.47636413574219
v 25.588693618774414 1.3315244913101196 -61.77656555175781
v 61.776573181152344 1.331530213356018 -25.588708877563477
v 33.748619079589844 1.3315263986587524 -81.47636413574219
v 61.776573181152344 1.331530213356018 -25.588708877563477
v 81.47637176513672 1.3315149545669556 -33.74861526489258
v 51.00113296508789 5.270041465759277 -123.12763977050781
v 50.42788314819336 6.303260326385498 -121.74369812011719
v 121.74371337890625 6.303262233734131 -50.42789840698242
v 51.00113296508789 5.270041465759277 -123.12763977050781
v 121.74371337890625 6.303262233734131 -50.42789840698242
v 123.12764739990234 5.270045280456543 -51.00114059448242
v 50.42788314819336 6.303260326385498 -121.74369812011719
v 51.00113296508789 5.270041465759277 -123.12763977050781
v -51.001163482666016 5.270041465759277 -123.12763977050781
v 50.42788314819336 6.303260326385498 -121.74369812011719
v -51.001163482666016 5.270041465759277 -123.12763977050781
v -50.427894592285156 6.3032660484313965 -121.74369812011719
v -50.427894592285156 6.3032660484313965 -121.74369812011719
v -51.001163482666016 5.270041465759277 -123.12763977050781
v -123.12763977050781 5.270033836364746 -51.00113296508789
v -50.427894592285156 6.3032660484313965 -121.74369812011719
v -123.12763977050781 5.270033836364746 -51.00113296508789
v -121.74369812011719 6.303262233734131 -50.42788314819336
v -121.74369812011719 6.303262233734131 -50.42788314819336
v -123.12763977050781 5.270033836364746 -51.00113296508789
v -123.12763977050781 5.270033836364746 51.001163482666016
v -121.74369812011719 6.303262233734131 -50.42788314819336
v -123.12763977050781 5.270033836364746 51.001163482666016
v -121.74369812011719 6.303262233734131 50.427894592285156
v -121.74369812011719 6.303262233734131 50.427894592285156
v -123.12763977050781 5.270033836364746 51.001163482666016
v -51.00113296508789 5.270033836364746 123.12763977050781
v -121.74369812011719 6.303262233734131 50.427894592285156
v -51.00113296508789 5.270033836364746 123.12763977050781
v -50.42788314819336 6.303269863128662 121.74369812011719
v -50.42788314819336 6.303269863128662 121.74369812011719
v -51.00113296508789 5.270033836364746 123.12763977050781
v 51.00114440917969 5.270035743713379 123.12764739990234
v -50.42788314819336 6.303269863128662 121.74369812011719
v 51.00114440917969 5.270035743713379 123.12764739990234
v 50.42790222167969 6.303262233734131 121.74370574951172
v 50.42790222167969 6.303262233734131 121.74370574951172
v 51.00114440917969 5.270035743713379 123.12764739990234
v 123.12765502929688 5.270041465759277 51.00114440917969
v 50.42790222167969 6.303262233734131 121.74370574951172
v 123.12765502929688 5.270041465759277 51.00114440917969
v 121.74372100830078 6.303262233734131 50.42789077758789
v 121.74372100830078 6.303262233734131 50.42789077758789
v 123.12765502929688 5.270041465759277 51.00114440917969
v 123.12764739990234 5.270045280456543 -51.00114059448242
v 121.74372100830078 6.303262233734131 50.42789077758789
v 123.12764739990234 5.270045280456543 -51.00114059448242
v 121.74371337890625 6.303262233734131 -50.42789840698242
v -51.00113296508789 -3.295172691345215 -123.12763977050781
v -51.001163482666016 5.270041465759277 -123.12763977050781
v 51.00113296508789 5.270041465759277 -123.12763977050781
v -51.00113296508789 -3.295172691345215 -123.12763977050781
v 51.00113296508789 5.270041465759277 -123.12763977050781
v 51.001163482666016 -3.2951784133911133 -123.12763977050781
v -123.12764739990234 -3.295182228088379 -51.00114059448242
v -123.12763977050781 5.270033836364746 -51.00113296508789
v -51.001163482666016 5.270041465759277 -123.12763977050781
v -123.12764739990234 -3.295182228088379 -51.00114059448242
v -51.001163482666016 5.270041465759277 -123.12763977050781
v -51.00113296508789 -3.295172691345215 -123.12763977050781
v -123.12765502929688 -3.2951784133911133 51.00114440917969
v -123.12763977050781 5.270033836364746 51.001163482666016
v -123.12763977050781 5.270033836364746 -51.00113296508789
v -123.12765502929688 -3.2951784133911133 51.00114440917969
v -123.12763977050781 5.270033836364746 -51.00113296508789
v -123.12764739990234 -3.295182228088379 -51.00114059448242
v -51.00114440917969 -3.295168876647949 123.12764739990234
v -51.00113296508789 5.270033836364746 123.12763977050781
v -123.12763977050781 5.270033836364746 51.001163482666016
v -51.00114440917969 -3.295168876647949 123.12764739990234
v -123.12763977050781 5.270033836364746 51.001163482666016
v -123.12765502929688 -3.2951784133911133 51.00114440917969
v 51.001136779785156 -3.295170783996582 123.12763977050781
v 51.00114440917969 5.270035743713379 123.12764739990234
v -51.00113296508789 5.270033836364746 123.12763977050781
v 51.001136779785156 -3.295170783996582 123.12763977050781
v -51.00113296508789 5.270033836364746 123.12763977050781
v -51.00114440917969 -3.295168876647949 123.12764739990234
v 123.12763977050781 -3.295170783996582 51.001163482666016
v 123.12765502929688 5.270041465759277 51.00114440917969
v 51.00114440917969 5.270035743713379 123.12764739990234
v 123.12763977050781 -3.295170783996582 51.001163482666016
v 51.00114440917969 5.270035743713379 123.12764739990234
v 51.001136779785156 -3.295170783996582 123.12763977050781
v 123.12763977050781 -3.295170783996582 -51.00113296508789
v 123.12764739990234 5.270045280456543 -51.00114059448242
v 123.12765502929688 5.270041465759277 51.00114440917969
v 123.12763977050781 -3.295170783996582 -51.00113296508789
v 123.12765502929688 5.270041465759277 51.00114440917969
v 123.12763977050781 -3.295170783996582 51.001163482666016
v 51.001163482666016 -3.2951784133911133 -123.12763977050781
v 51.00113296508789 5.270041465759277 -123.12763977050781
v 123.12764739990234 5.270045280456543 -51.00114059448242
v 51.001163482666016 -3.2951784133911133 -123.12763977050781
v 123.12764739990234 5.270045280456543 -51.00114059448242
v 123.12763977050781 -3.295170783996582 -51.00113296508789
v 33.748619079589844 5.309018135070801 -81.47636413574219
v 34.30023956298828 6.303264141082764 -82.80809783935547
v -34.300235748291016 6.303260326385498 -82.80810546875
v 33.748619079589844 5.309018135070801 -81.47636413574219
v -34.300235748291016 6.303260326385498 -82.80810546875
v -33.74861526489258 5.309024810791016 -81.47637176513672
v 34.30023956298828 6.303264141082764 -82.80809783935547
v 33.748619079589844 5.309018135070801 -81.47636413574219
v 81.47637176513672 5.309015274047852 -33.74861526489258
v 34.30023956298828 6.303264141082764 -82.80809783935547
v 81.47637176513672 5.309015274047852 -33.74861526489258
v 82.80810546875 6.303252696990967 -34.300235748291016
v -33.74861526489258 5.309024810791016 -81.47637176513672
v -34.300235748291016 6.303260326385498 -82.80810546875
v -82.80809783935547 6.303252696990967 -34.30023956298828
v -33.74861526489258 5.309024810791016 -81.47637176513672
v -82.80809783935547 6.303252696990967 -34.30023956298828
v -81.47636413574219 5.309015274047852 -33.748619079589844
v -81.47636413574219 5.309015274047852 -33.748619079589844
v -82.80809783935547 6.303252696990967 -34.30023956298828
v -82.80810546875 6.303260326385498 34.300235748291016
v -81.47636413574219 5.309015274047852 -33.748619079589844
v -82.80810546875 6.303260326385498 34.300235748291016
v -81.47637176513672 5.309017181396484 33.74861526489258
v -81.47637176513672 5.309017181396484 33.74861526489258
v -82.80810546875 6.303260326385498 34.300235748291016
v -34.30023956298828 6.3032612800598145 82.80809783935547
v -81.47637176513672 5.309017181396484 33.74861526489258
v -34.30023956298828 6.3032612800598145 82.80809783935547
v -33.748619079589844 5.309023857116699 81.47636413574219
v -33.748619079589844 5.309023857116699 81.47636413574219
v -34.30023956298828 6.3032612800598145 82.80809783935547
v 34.300235748291016 6.30326509475708 82.80810546875
v -33.748619079589844 5.309023857116699 81.47636413574219
v 34.300235748291016 6.30326509475708 82.80810546875
v 33.74861526489258 5.30902099609375 81.47637176513672
v 33.74861526489258 5.30902099609375 81.47637176513672
v 34.300235748291016 6.30326509475708 82.80810546875
v 82.80809783935547 6.3032546043396 34.30023956298828
v 33.74861526489258 5.30902099609375 81.47637176513672
v 82.80809783935547 6.3032546043396 34.30023956298828
v 81.47636413574219 5.309026718139648 33.748619079589844
v 81.47636413574219 5.309026718139648 33.748619079589844
v 82.80809783935547 6.3032546043396 34.30023956298828
v 82.80810546875 6.303252696990967 -34.300235748291016
v 81.47636413574219 5.309026718139648 33.748619079589844
v 82.80810546875 6.303252696990967 -34.300235748291016
v 81.47637176513672 5.309015274047852 -33.74861526489258
v 25.03706932067871 6.303264141082764 -60.44483184814453
v 25.58869171142578 5.309014320373535 -61.77656555175781
v -25.58869171142578 5.309018135070801 -61.77656555175781
v 25.03706932067871 6.303264141082764 -60.44483184814453
v -25.58869171142578 5.309018135070801 -61.77656555175781
v -25.03706932067871 6.3032660484313965 -60.44483947753906
v 25.58869171142578 5.309014320373535 -61.77656555175781
v 25.03706932067871 6.303264141082764 -60.44483184814453
v 60.44484329223633 6.303260326385498 -25.037084579467773
v 25.58869171142578 5.309014320373535 -61.77656555175781
v 60.44484329223633 6.303260326385498 -25.037084579467773
v 61.77656936645508 5.309024810791016 -25.588708877563477
v -25.03706932067871 6.3032660484313965 -60.44483947753906
v -25.58869171142578 5.309018135070801 -61.77656555175781
v -61.77656555175781 5.309024810791016 -25.58869171142578
v -25.03706932067871 6.3032660484313965 -60.44483947753906
v -61.77656555175781 5.309024810791016 -25.58869171142578
v -60.44483184814453 6.303260326385498 -25.03706932067871
v -60.44483184814453 6.303260326385498 -25.03706932067871
v -61.77656555175781 5.309024810791016 -25.58869171142578
v -61.77656555175781 5.309024810791016 25.58869171142578
v -60.44483184814453 6.303260326385498 -25.03706932067871
v -61.77656555175781 5.309024810791016 25.58869171142578
v -60.44483947753906 6.303262233734131 25.03706932067871
v -60.44483947753906 6.303262233734131 25.03706932067871
v -61.77656555175781 5.309024810791016 25.58869171142578
v -25.58869171142578 5.309018135070801 61.77656555175781
v -60.44483947753906 6.303262233734131 25.03706932067871
v -25.58869171142578 5.309018135070801 61.77656555175781
v -25.03706932067871 6.3032660484313965 60.44483184814453
v -25.03706932067871 6.3032660484313965 60.44483184814453
v -25.58869171142578 5.309018135070801 61.77656555175781
v 25.588708877563477 5.309023857116699 61.77656936645508
v -25.03706932067871 6.3032660484313965 60.44483184814453
v 25.588708877563477 5.309023857116699 61.77656936645508
v 25.037084579467773 6.303259372711182 60.44484329223633
v 25.037084579467773 6.303259372711182 60.44484329223633
v 25.588708877563477 5.309023857116699 61.77656936645508
v 61.776573181152344 5.30902099609375 25.588693618774414
v 25.037084579467773 6.303259372711182 60.44484329223633
v 61.776573181152344 5.30902099609375 25.588693618774414
v 60.44483947753906 6.303258419036865 25.037065505981445
v 60.44483947753906 6.303258419036865 25.037065505981445
v 61.776573181152344 5.30902099609375 25.588693618774414
v 61.77656936645508 5.309024810791016 -25.588708877563477
v 60.44483947753906 6.303258419036865 25.037065505981445
v 61.77656936645508 5.309024810791016 -25.588708877563477
v 60.44484329223633 6.303260326385498 -25.037084579467773
v -25.03706932067871 6.3032660484313965 -60.44483947753906
v 1.1920928955078125e-7 6.303262233734131 0
v 25.03706932067871 6.303264141082764 -60.44483184814453
v -60.44483184814453 6.303260326385498 -25.03706932067871
v 1.1920928955078125e-7 6.303262233734131 0
v -25.03706932067871 6.3032660484313965 -60.44483947753906
v -60.44483947753906 6.303262233734131 25.03706932067871
v 1.1920928955078125e-7 6.303262233734131 0
v -60.44483184814453 6.303260326385498 -25.03706932067871
v -25.03706932067871 6.3032660484313965 60.44483184814453
v 1.1920928955078125e-7 6.303262233734131 0
v -60.44483947753906 6.303262233734131 25.03706932067871
v 25.037084579467773 6.303259372711182 60.44484329223633
v 1.1920928955078125e-7 6.303262233734131 0
v -25.03706932067871 6.3032660484313965 60.44483184814453
v 60.44483947753906 6.303258419036865 25.037065505981445
v 1.1920928955078125e-7 6.303262233734131 0
v 25.037084579467773 6.303259372711182 60.44484329223633
v 60.44484329223633 6.303260326385498 -25.037084579467773
v 1.1920928955078125e-7 6.303262233734131 0
v 60.44483947753906 6.303258419036865 25.037065505981445
v 25.03706932067871 6.303264141082764 -60.44483184814453
v 1.1920928955078125e-7 6.303262233734131 0
v 60.44484329223633 6.303260326385498 -25.037084579467773
v -25.58869171142578 5.309018135070801 -61.77656555175781
v 25.58869171142578 5.309014320373535 -61.77656555175781
v 25.588693618774414 1.3315244913101196 -61.77656555175781
v -25.58869171142578 5.309018135070801 -61.77656555175781
v 25.588693618774414 1.3315244913101196 -61.77656555175781
v -25.58869171142578 1.3315273523330688 -61.77656555175781
v 33.748619079589844 5.309018135070801 -81.47636413574219
v -33.74861526489258 5.309024810791016 -81.47637176513672
v -33.74861526489258 1.3315263986587524 -81.47637176513672
v 33.748619079589844 5.309018135070801 -81.47636413574219
v -33.74861526489258 1.3315263986587524 -81.47637176513672
v 33.748619079589844 1.3315263986587524 -81.47636413574219
v -61.77656555175781 5.309024810791016 -25.58869171142578
v -25.58869171142578 5.309018135070801 -61.77656555175781
v -25.58869171142578 1.3315273523330688 -61.77656555175781
v -61.77656555175781 5.309024810791016 -25.58869171142578
v -25.58869171142578 1.3315273523330688 -61.77656555175781
v -61.77656555175781 1.3315283060073853 -25.58869171142578
v -33.74861526489258 5.309024810791016 -81.47637176513672
v -81.47636413574219 5.309015274047852 -33.748619079589844
v -81.47636413574219 1.3315168619155884 -33.748619079589844
v -33.74861526489258 5.309024810791016 -81.47637176513672
v -81.47636413574219 1.3315168619155884 -33.748619079589844
v -33.74861526489258 1.3315263986587524 -81.47637176513672
v -61.77656555175781 5.309024810791016 25.58869171142578
v -61.77656555175781 5.309024810791016 -25.58869171142578
v -61.77656555175781 1.3315283060073853 -25.58869171142578
v -61.77656555175781 5.309024810791016 25.58869171142578
v -61.77656555175781 1.3315283060073853 -25.58869171142578
v -61.77656555175781 1.3315283060073853 25.58869171142578
v -81.47636413574219 5.309015274047852 -33.748619079589844
v -81.47637176513672 5.309017181396484 33.74861526489258
v -81.47637176513672 1.3315168619155884 33.74861526489258
v -81.47636413574219 5.309015274047852 -33.748619079589844
v -81.47637176513672 1.3315168619155884 33.74861526489258
v -81.47636413574219 1.3315168619155884 -33.748619079589844
v -25.58869171142578 5.309018135070801 61.77656555175781
v -61.77656555175781 5.309024810791016 25.58869171142578
v -61.77656555175781 1.3315283060073853 25.58869171142578
v -25.58869171142578 5.309018135070801 61.77656555175781
v -61.77656555175781 1.3315283060073853 25.58869171142578
v -25.58869171142578 1.3315273523330688 61.77656555175781
v -81.47637176513672 5.309017181396484 33.74861526489258
v -33.748619079589844 5.309023857116699 81.47636413574219
v -33.748619079589844 1.3315292596817017 81.47636413574219
v -81.47637176513672 5.309017181396484 33.74861526489258
v -33.748619079589844 1.3315292596817017 81.47636413574219
v -81.47637176513672 1.3315168619155884 33.74861526489258
v 25.588708877563477 5.309023857116699 61.77656936645508
v -25.58869171142578 5.309018135070801 61.77656555175781
v -25.58869171142578 1.3315273523330688 61.77656555175781
v 25.588708877563477 5.309023857116699 61.77656936645508
v -25.58869171142578 1.3315273523330688 61.77656555175781
v 25.588708877563477 1.3315244913101196 61.77656936645508
v -33.748619079589844 5.309023857116699 81.47636413574219
v 33.74861526489258 5.30902099609375 81.47637176513672
v 33.74861526489258 1.3315235376358032 81.47637176513672
v -33.748619079589844 5.309023857116699 81.47636413574219
v 33.74861526489258 1.3315235376358032 81.47637176513672
v -33.748619079589844 1.3315292596817017 81.47636413574219
v 61.776573181152344 5.30902099609375 25.588693618774414
v 25.588708877563477 5.309023857116699 61.77656936645508
v 25.588708877563477 1.3315244913101196 61.77656936645508
v 61.776573181152344 5.30902099609375 25.588693618774414
v 25.588708877563477 1.3315244913101196 61.77656936645508
v 61.77657699584961 1.3315283060073853 25.588693618774414
v 33.74861526489258 5.30902099609375 81.47637176513672
v 81.47636413574219 5.309026718139648 33.748619079589844
v 81.47636413574219 1.3315187692642212 33.748619079589844
v 33.74861526489258 5.30902099609375 81.47637176513672
v 81.47636413574219 1.3315187692642212 33.748619079589844
v 33.74861526489258 1.3315235376358032 81.47637176513672
v 61.77656936645508 5.309024810791016 -25.588708877563477
v 61.776573181152344 5.30902099609375 25.588693618774414
v 61.77657699584961 1.3315283060073853 25.588693618774414
v 61.77656936645508 5.309024810791016 -25.588708877563477
v 61.77657699584961 1.3315283060073853 25.588693618774414
v 61.776573181152344 1.331530213356018 -25.588708877563477
v 81.47636413574219 5.309026718139648 33.748619079589844
v 81.47637176513672 5.309015274047852 -33.74861526489258
v 81.47637176513672 1.3315149545669556 -33.74861526489258
v 81.47636413574219 5.309026718139648 33.748619079589844
v 81.47637176513672 1.3315149545669556 -33.74861526489258
v 81.47636413574219 1.3315187692642212 33.748619079589844
v 25.58869171142578 5.309014320373535 -61.77656555175781
v 61.77656936645508 5.309024810791016 -25.588708877563477
v 61.776573181152344 1.331530213356018 -25.588708877563477
v 25.58869171142578 5.309014320373535 -61.77656555175781
v 61.776573181152344 1.331530213356018 -25.588708877563477
v 25.588693618774414 1.3315244913101196 -61.77656555175781
v 81.47637176513672 5.309015274047852 -33.74861526489258
v 33.748619079589844 5.309018135070801 -81.47636413574219
v 33.748619079589844 1.3315263986587524 -81.47636413574219
v 81.47637176513672 5.309015274047852 -33.74861526489258
v 33.748619079589844 1.3315263986587524 -81.47636413574219
v 81.47637176513672 1.3315149545669556 -33.74861526489258
v -50.427894592285156 6.3032660484313965 -121.74369812011719
v -34.300235748291016 6.303260326385498 -82.80810546875
v 34.30023956298828 6.303264141082764 -82.80809783935547
v -50.427894592285156 6.3032660484313965 -121.74369812011719
v 34.30023956298828 6.303264141082764 -82.80809783935547
v 50.42788314819336 6.303260326385498 -121.74369812011719
v -121.74369812011719 6.303262233734131 -50.42788314819336
v -82.80809783935547 6.303252696990967 -34.30023956298828
v -34.300235748291016 6.303260326385498 -82.80810546875
v -121.74369812011719 6.303262233734131 -50.42788314819336
v -34.300235748291016 6.303260326385498 -82.80810546875
v -50.427894592285156 6.3032660484313965 -121.74369812011719
v -121.74369812011719 6.303262233734131 50.427894592285156
v -82.80810546875 6.303260326385498 34.300235748291016
v -82.80809783935547 6.303252696990967 -34.30023956298828
v -121.74369812011719 6.303262233734131 50.427894592285156
v -82.80809783935547 6.303252696990967 -34.30023956298828
v -121.74369812011719 6.303262233734131 -50.42788314819336
v -50.42788314819336 6.303269863128662 121.74369812011719
v -34.30023956298828 6.3032612800598145 82.80809783935547
v -82.80810546875 6.303260326385498 34.300235748291016
v -50.42788314819336 6.303269863128662 121.74369812011719
v -82.80810546875 6.303260326385498 34.300235748291016
v -121.74369812011719 6.303262233734131 50.427894592285156
v 50.42790222167969 6.303262233734131 121.74370574951172
v 34.300235748291016 6.30326509475708 82.80810546875
v -34.30023956298828 6.3032612800598145 82.80809783935547
v 50.42790222167969 6.303262233734131 121.74370574951172
v -34.30023956298828 6.3032612800598145 82.80809783935547
v -50.42788314819336 6.303269863128662 121.74369812011719
v 121.74372100830078 6.303262233734131 50.42789077758789
v 82.80809783935547 6.3032546043396 34.30023956298828
v 34.300235748291016 6.30326509475708 82.80810546875
v 121.74372100830078 6.303262233734131 50.42789077758789
v 34.300235748291016 6.30326509475708 82.80810546875
v 50.42790222167969 6.303262233734131 121.74370574951172
v 121.74371337890625 6.303262233734131 -50.42789840698242
v 82.80810546875 6.303252696990967 -34.300235748291016
v 82.80809783935547 6.3032546043396 34.30023956298828
v 121.74371337890625 6.303262233734131 -50.42789840698242
v 82.80809783935547 6.3032546043396 34.30023956298828
v 121.74372100830078 6.303262233734131 50.42789077758789
v 50.42788314819336 6.303260326385498 -121.74369812011719
v 34.30023956298828 6.303264141082764 -82.80809783935547
v 82.80810546875 6.303252696990967 -34.300235748291016
v 50.42788314819336 6.303260326385498 -121.74369812011719
v 82.80810546875 6.303252696990967 -34.300235748291016
v 121.74371337890625 6.303262233734131 -50.42789840698242
vt 0.22065970301628113 0.5278475880622864
vt 0.23712287843227386 0.5675502419471741
vt 0.34497857093811035 0.567322313785553
vt 0.22065970301628113 0.5278475880622864
vt 0.34497857093811035 0.567322313785553
vt 0.36141136288642883 0.5276071131229401
vt 0.12130334973335266 0.6275440156459808
vt 0.1610185205936432 0.6439768373966217
vt 0.23712287843227386 0.5675502419471741
vt 0.12130334973335266 0.6275440156459808
vt 0.23712287843227386 0.5675502419471741
vt 0.22065970301628113 0.5278475880622864
vt 0.12154373526573181 0.7682955861091614
vt 0.1612463891506195 0.7518325001001358
vt 0.1610185205936432 0.6439768373966217
vt 0.12154373526573181 0.7682955861091614
vt 0.1610185205936432 0.6439768373966217
vt 0.12130334973335266 0.6275440156459808
vt 0.22124004364013672 0.8676520437002182
vt 0.23767293989658356 0.8279368877410889
vt 0.1612463891506195 0.7518325001001358
vt 0.22124004364013672 0.8676520437002182
vt 0.1612463891506195 0.7518325001001358
vt 0.12154373526573181 0.7682955861091614
vt 0.3619917035102844 0.8674117922782898
vt 0.34552866220474243 0.8277091234922409
vt 0.23767293989658356 0.8279368877410889
vt 0.3619917035102844 0.8674117922782898
vt 0.23767293989658356 0.8279368877410889
vt 0.22124004364013672 0.8676520437002182
vt 0.4613482356071472 0.7677153199911118
vt 0.4216330647468567 0.7512824982404709
vt 0.34552866220474243 0.8277091234922409
vt 0.4613482356071472 0.7677153199911118
vt 0.34552866220474243 0.8277091234922409
vt 0.3619917035102844 0.8674117922782898
vt 0.46110785007476807 0.6269636154174805
vt 0.42140522599220276 0.6434266865253448
vt 0.4216330647468567 0.7512824982404709
vt 0.46110785007476807 0.6269636154174805
vt 0.4216330647468567 0.7512824982404709
vt 0.4613482356071472 0.7677153199911118
vt 0.36141136288642883 0.5276071131229401
vt 0.34497857093811035 0.567322313785553
vt 0.42140522599220276 0.6434266865253448
vt 0.36141136288642883 0.5276071131229401
vt 0.42140522599220276 0.6434266865253448
vt 0.46110785007476807 0.6269636154174805
vt 0.40058422088623047 0.43281853199005127
vt 0.39912593364715576 0.4363606572151184
vt 0.5522971153259277 0.5891108810901642
vt 0.40058422088623047 0.43281853199005127
vt 0.5522971153259277 0.5891108810901642
vt 0.5558329224586487 0.5876374244689941
vt 0.39912593364715576 0.4363606572151184
vt 0.40058422088623047 0.43281853199005127
vt 0.18133339285850525 0.43312257528305054
vt 0.39912593364715576 0.4363606572151184
vt 0.18133339285850525 0.43312257528305054
vt 0.18280689418315887 0.4366583824157715
vt 0.18280689418315887 0.4366583824157715
vt 0.18133339285850525 0.43312257528305054
vt 0.026514768600463867 0.5883711576461792
vt 0.18280689418315887 0.4366583824157715
vt 0.026514768600463867 0.5883711576461792
vt 0.030056893825531006 0.5898294448852539
vt 0.030056893825531006 0.5898294448852539
vt 0.026514768600463867 0.5883711576461792
vt 0.02681863307952881 0.8076217472553253
vt 0.030056893825531006 0.5898294448852539
vt 0.02681863307952881 0.8076217472553253
vt 0.030354440212249756 0.8061482459306717
vt 0.030354440212249756 0.8061482459306717
vt 0.02681863307952881 0.8076217472553253
vt 0.18206700682640076 0.9624405279755592
vt 0.030354440212249756 0.8061482459306717
vt 0.18206700682640076 0.9624405279755592
vt 0.18352532386779785 0.9588984362781048
vt 0.18352532386779785 0.9588984362781048
vt 0.18206700682640076 0.9624405279755592
vt 0.4013177752494812 0.9621369056403637
vt 0.18352532386779785 0.9588984362781048
vt 0.4013177752494812 0.9621369056403637
vt 0.39984431862831116 0.9586010985076427
vt 0.39984431862831116 0.9586010985076427
vt 0.4013177752494812 0.9621369056403637
vt 0.5561367869377136 0.8068883121013641
vt 0.39984431862831116 0.9586010985076427
vt 0.5561367869377136 0.8068883121013641
vt 0.5525947213172913 0.8054300099611282
vt 0.5525947213172913 0.8054300099611282
vt 0.5561367869377136 0.8068883121013641
vt 0.5558329224586487 0.5876374244689941
vt 0.5525947213172913 0.8054300099611282
vt 0.5558329224586487 0.5876374244689941
vt 0.5522971153259277 0.5891108810901642
vt 0.3644552528858185 0.5203312039375305
vt 0.36583635210990906 0.5169974267482758
vt 0.21628646552562714 0.5172164738178253
vt 0.3644552528858185 0.5203312039375305
vt 0.21628646552562714 0.5172164738178253
vt 0.21766722202301025 0.520550400018692
vt 0.36583635210990906 0.5169974267482758
vt 0.3644552528858185 0.5203312039375305
vt 0.4684050679206848 0.6239711344242096
vt 0.36583635210990906 0.5169974267482758
vt 0.4684050679206848 0.6239711344242096
vt 0.4717389643192291 0.6225903630256653
vt 0.21766722202301025 0.520550400018692
vt 0.21628646552562714 0.5172164738178253
vt 0.11069366335868835 0.623119056224823
vt 0.21766722202301025 0.520550400018692
vt 0.11069366335868835 0.623119056224823
vt 0.11402744054794312 0.6245001256465912
vt 0.11402744054794312 0.6245001256465912
vt 0.11069366335868835 0.623119056224823
vt 0.11091259121894836 0.7726688385009766
vt 0.11402744054794312 0.6245001256465912
vt 0.11091259121894836 0.7726688385009766
vt 0.11424651741981506 0.7712880671024323
vt 0.11424651741981506 0.7712880671024323
vt 0.11091259121894836 0.7726688385009766
vt 0.2168150693178177 0.8782617300748825
vt 0.11424651741981506 0.7712880671024323
vt 0.2168150693178177 0.8782617300748825
vt 0.21819615364074707 0.8749279379844666
vt 0.21819615364074707 0.8749279379844666
vt 0.2168150693178177 0.8782617300748825
vt 0.3663649559020996 0.878042921423912
vt 0.21819615364074707 0.8749279379844666
vt 0.3663649559020996 0.878042921423912
vt 0.3649841845035553 0.8747089952230453
vt 0.3649841845035553 0.8747089952230453
vt 0.3663649559020996 0.878042921423912
vt 0.4719579219818115 0.7721403241157532
vt 0.3649841845035553 0.8747089952230453
vt 0.4719579219818115 0.7721403241157532
vt 0.46862417459487915 0.7707592397928238
vt 0.46862417459487915 0.7707592397928238
vt 0.4719579219818115 0.7721403241157532
vt 0.4717389643192291 0.6225903630256653
vt 0.46862417459487915 0.7707592397928238
vt 0.4717389643192291 0.6225903630256653
vt 0.4684050679206848 0.6239711344242096
vt 0.34065067768096924 0.5777321457862854
vt 0.3419908583164215 0.5744803249835968
vt 0.24007172882556915 0.5747243463993073
vt 0.34065067768096924 0.5777321457862854
vt 0.24007172882556915 0.5747243463993073
vt 0.24142344295978546 0.5779713690280914
vt 0.3419908583164215 0.5744803249835968
vt 0.34065067768096924 0.5777321457862854
vt 0.4109840989112854 0.6477272510528564
vt 0.3419908583164215 0.5744803249835968
vt 0.4109840989112854 0.6477272510528564
vt 0.4142310917377472 0.6463755369186401
vt 0.24142344295978546 0.5779713690280914
vt 0.24007172882556915 0.5747243463993073
vt 0.1681765615940094 0.6469645500183105
vt 0.24142344295978546 0.5779713690280914
vt 0.1681765615940094 0.6469645500183105
vt 0.1714283525943756 0.6483047306537628
vt 0.1714283525943756 0.6483047306537628
vt 0.1681765615940094 0.6469645500183105
vt 0.16842052340507507 0.7488836348056793
vt 0.1714283525943756 0.6483047306537628
vt 0.16842052340507507 0.7488836348056793
vt 0.17166748642921448 0.7475319504737854
vt 0.17166748642921448 0.7475319504737854
vt 0.16842052340507507 0.7488836348056793
vt 0.2406606674194336 0.8207788616418839
vt 0.17166748642921448 0.7475319504737854
vt 0.2406606674194336 0.8207788616418839
vt 0.24200086295604706 0.8175270706415176
vt 0.24200086295604706 0.8175270706415176
vt 0.2406606674194336 0.8207788616418839
vt 0.34257984161376953 0.8205349892377853
vt 0.24200086295604706 0.8175270706415176
vt 0.34257984161376953 0.8205349892377853
vt 0.3412281274795532 0.8172879815101624
vt 0.3412281274795532 0.8172879815101624
vt 0.34257984161376953 0.8205349892377853
vt 0.41447505354881287 0.7482947707176208
vt 0.3412281274795532 0.8172879815101624
vt 0.41447505354881287 0.7482947707176208
vt 0.41122329235076904 0.7469545602798462
vt 0.41122329235076904 0.7469545602798462
vt 0.41447505354881287 0.7482947707176208
vt 0.4142310917377472 0.6463755369186401
vt 0.41122329235076904 0.7469545602798462
vt 0.4142310917377472 0.6463755369186401
vt 0.4109840989112854 0.6477272510528564
vt 0.24142344295978546 0.5779713690280914
vt 0.29132580757141113 0.6976296305656433
vt 0.34065067768096924 0.5777321457862854
vt 0.1714283525943756 0.6483047306537628
vt 0.29132580757141113 0.6976296305656433
vt 0.24142344295978546 0.5779713690280914
vt 0.17166748642921448 0.7475319504737854
vt 0.29132580757141113 0.6976296305656433
vt 0.1714283525943756 0.6483047306537628
vt 0.24200086295604706 0.8175270706415176
vt 0.29132580757141113 0.6976296305656433
vt 0.17166748642921448 0.7475319504737854
vt 0.3412281274795532 0.8172879815101624
vt 0.29132580757141113 0.6976296305656433
vt 0.24200086295604706 0.8175270706415176
vt 0.41122329235076904 0.7469545602798462
vt 0.29132580757141113 0.6976296305656433
vt 0.3412281274795532 0.8172879815101624
vt 0.4109840989112854 0.6477272510528564
vt 0.29132580757141113 0.6976296305656433
vt 0.41122329235076904 0.7469545602798462
vt 0.34065067768096924 0.5777321457862854
vt 0.29132580757141113 0.6976296305656433
vt 0.4109840989112854 0.6477272510528564
vt 0.24007172882556915 0.5747243463993073
vt 0.3419908583164215 0.5744803249835968
vt 0.34497857093811035 0.567322313785553
vt 0.24007172882556915 0.5747243463993073
vt 0.34497857093811035 0.567322313785553
vt 0.23712287843227386 0.5675502419471741
vt 0.3644552528858185 0.5203312039375305
vt 0.21766722202301025 0.520550400018692
vt 0.22065970301628113 0.5278475880622864
vt 0.3644552528858185 0.5203312039375305
vt 0.22065970301628113 0.5278475880622864
vt 0.36141136288642883 0.5276071131229401
vt 0.1681765615940094 0.6469645500183105
vt 0.24007172882556915 0.5747243463993073
vt 0.23712287843227386 0.5675502419471741
vt 0.1681765615940094 0.6469645500183105
vt 0.23712287843227386 0.5675502419471741
vt 0.1610185205936432 0.6439768373966217
vt 0.21766722202301025 0.520550400018692
vt 0.11402744054794312 0.6245001256465912
vt 0.12130334973335266 0.6275440156459808
vt 0.21766722202301025 0.520550400018692
vt 0.12130334973335266 0.6275440156459808
vt 0.22065970301628113 0.5278475880622864
vt 0.16842052340507507 0.7488836348056793
vt 0.1681765615940094 0.6469645500183105
vt 0.1610185205936432 0.6439768373966217
vt 0.16842052340507507 0.7488836348056793
vt 0.1610185205936432 0.6439768373966217
vt 0.1612463891506195 0.7518325001001358
vt 0.11402744054794312 0.6245001256465912
vt 0.11424651741981506 0.7712880671024323
vt 0.12154373526573181 0.7682955861091614
vt 0.11402744054794312 0.6245001256465912
vt 0.12154373526573181 0.7682955861091614
vt 0.12130334973335266 0.6275440156459808
vt 0.2406606674194336 0.8207788616418839
vt 0.16842052340507507 0.7488836348056793
vt 0.1612463891506195 0.7518325001001358
vt 0.2406606674194336 0.8207788616418839
vt 0.1612463891506195 0.7518325001001358
vt 0.23767293989658356 0.8279368877410889
vt 0.11424651741981506 0.7712880671024323
vt 0.21819615364074707 0.8749279379844666
vt 0.22124004364013672 0.8676520437002182
vt 0.11424651741981506 0.7712880671024323
vt 0.22124004364013672 0.8676520437002182
vt 0.12154373526573181 0.7682955861091614
vt 0.34257984161376953 0.8205349892377853
vt 0.2406606674194336 0.8207788616418839
vt 0.23767293989658356 0.8279368877410889
vt 0.34257984161376953 0.8205349892377853
vt 0.23767293989658356 0.8279368877410889
vt 0.34552866220474243 0.8277091234922409
vt 0.21819615364074707 0.8749279379844666
vt 0.3649841845035553 0.8747089952230453
vt 0.3619917035102844 0.8674117922782898
vt 0.21819615364074707 0.8749279379844666
vt 0.3619917035102844 0.8674117922782898
vt 0.22124004364013672 0.8676520437002182
vt 0.41447505354881287 0.7482947707176208
vt 0.34257984161376953 0.8205349892377853
vt 0.34552866220474243 0.8277091234922409
vt 0.41447505354881287 0.7482947707176208
vt 0.34552866220474243 0.8277091234922409
vt 0.4216330647468567 0.7512824982404709
vt 0.3649841845035553 0.8747089952230453
vt 0.46862417459487915 0.7707592397928238
vt 0.4613482356071472 0.7677153199911118
vt 0.3649841845035553 0.8747089952230453
vt 0.4613482356071472 0.7677153199911118
vt 0.3619917035102844 0.8674117922782898
vt 0.4142310917377472 0.6463755369186401
vt 0.41447505354881287 0.7482947707176208
vt 0.4216330647468567 0.7512824982404709
vt 0.4142310917377472 0.6463755369186401
vt 0.4216330647468567 0.7512824982404709
vt 0.42140522599220276 0.6434266865253448
vt 0.46862417459487915 0.7707592397928238
vt 0.4684050679206848 0.6239711344242096
vt 0.46110785007476807 0.6269636154174805
vt 0.46862417459487915 0.7707592397928238
vt 0.46110785007476807 0.6269636154174805
vt 0.4613482356071472 0.7677153199911118
vt 0.3419908583164215 0.5744803249835968
vt 0.4142310917377472 0.6463755369186401
vt 0.42140522599220276 0.6434266865253448
vt 0.3419908583164215 0.5744803249835968
vt 0.42140522599220276 0.6434266865253448
vt 0.34497857093811035 0.567322313785553
vt 0.4684050679206848 0.6239711344242096
vt 0.3644552528858185 0.5203312039375305
vt 0.36141136288642883 0.5276071131229401
vt 0.4684050679206848 0.6239711344242096
vt 0.36141136288642883 0.5276071131229401
vt 0.46110785007476807 0.6269636154174805
vt 0.18280689418315887 0.4366583824157715
vt 0.21628646552562714 0.5172164738178253
vt 0.36583635210990906 0.5169974267482758
vt 0.18280689418315887 0.4366583824157715
vt 0.36583635210990906 0.5169974267482758
vt 0.39912593364715576 0.4363606572151184
vt 0.030056893825531006 0.5898294448852539
vt 0.11069366335868835 0.623119056224823
vt 0.21628646552562714 0.5172164738178253
vt 0.030056893825531006 0.5898294448852539
vt 0.21628646552562714 0.5172164738178253
vt 0.18280689418315887 0.4366583824157715
vt 0.030354440212249756 0.8061482459306717
vt 0.11091259121894836 0.7726688385009766
vt 0.11069366335868835 0.623119056224823
vt 0.030354440212249756 0.8061482459306717
vt 0.11069366335868835 0.623119056224823
vt 0.030056893825531006 0.5898294448852539
vt 0.18352532386779785 0.9588984362781048
vt 0.2168150693178177 0.8782617300748825
vt 0.11091259121894836 0.7726688385009766
vt 0.18352532386779785 0.9588984362781048
vt 0.11091259121894836 0.7726688385009766
vt 0.030354440212249756 0.8061482459306717
vt 0.39984431862831116 0.9586010985076427
vt 0.3663649559020996 0.878042921423912
vt 0.2168150693178177 0.8782617300748825
vt 0.39984431862831116 0.9586010985076427
vt 0.2168150693178177 0.8782617300748825
vt 0.18352532386779785 0.9588984362781048
vt 0.5525947213172913 0.8054300099611282
vt 0.4719579219818115 0.7721403241157532
vt 0.3663649559020996 0.878042921423912
vt 0.5525947213172913 0.8054300099611282
vt 0.3663649559020996 0.878042921423912
vt 0.39984431862831116 0.9586010985076427
vt 0.5522971153259277 0.5891108810901642
vt 0.4717389643192291 0.6225903630256653
vt 0.4719579219818115 0.7721403241157532
vt 0.5522971153259277 0.5891108810901642
vt 0.4719579219818115 0.7721403241157532
vt 0.5525947213172913 0.8054300099611282
vt 0.39912593364715576 0.4363606572151184
vt 0.36583635210990906 0.5169974267482758
vt 0.4717389643192291 0.6225903630256653
vt 0.39912593364715576 0.4363606572151184
vt 0.4717389643192291 0.6225903630256653
vt 0.5522971153259277 0.5891108810901642
vt 0.6241034269332886 0.12984800338745117
vt 0.6400086879730225 0.16977739334106445
vt 0.7478570342063904 0.1710606813430786
vt 0.6241034269332886 0.12984800338745117
vt 0.7478570342063904 0.1710606813430786
vt 0.7648446559906006 0.13157963752746582
vt 0.5233599543571472 0.2281426191329956
vt 0.56284099817276 0.2451302409172058
vt 0.6400086879730225 0.16977739334106445
vt 0.5233599543571472 0.2281426191329956
vt 0.6400086879730225 0.16977739334106445
vt 0.6241034269332886 0.12984800338745117
vt 0.5216283202171326 0.36888372898101807
vt 0.5615577697753906 0.35297852754592896
vt 0.56284099817276 0.2451302409172058
vt 0.5216283202171326 0.36888372898101807
vt 0.56284099817276 0.2451302409172058
vt 0.5233599543571472 0.2281426191329956
vt 0.6199228763580322 0.4696272015571594
vt 0.6369105577468872 0.4301462173461914
vt 0.5615577697753906 0.35297852754592896
vt 0.6199228763580322 0.4696272015571594
vt 0.5615577697753906 0.35297852754592896
vt 0.5216283202171326 0.36888372898101807
vt 0.7606639862060547 0.4713589549064636
vt 0.7447588443756104 0.43142950534820557
vt 0.6369105577468872 0.4301462173461914
vt 0.7606639862060547 0.4713589549064636
vt 0.6369105577468872 0.4301462173461914
vt 0.6199228763580322 0.4696272015571594
vt 0.8614076375961304 0.37306445837020874
vt 0.8219265937805176 0.35607677698135376
vt 0.7447588443756104 0.43142950534820557
vt 0.8614076375961304 0.37306445837020874
vt 0.7447588443756104 0.43142950534820557
vt 0.7606639862060547 0.4713589549064636
vt 0.863139271736145 0.23232316970825195
vt 0.8232098817825317 0.24822837114334106
vt 0.8219265937805176 0.35607677698135376
vt 0.863139271736145 0.23232316970825195
vt 0.8219265937805176 0.35607677698135376
vt 0.8614076375961304 0.37306445837020874
vt 0.7648446559906006 0.13157963752746582
vt 0.7478570342063904 0.1710606813430786
vt 0.8232098817825317 0.24822837114334106
vt 0.7648446559906006 0.13157963752746582
vt 0.8232098817825317 0.24822837114334106
vt 0.863139271736145 0.23232316970825195
vt 0.8053417205810547 0.03734922409057617
vt 0.8038339614868164 0.0408705472946167
vt 0.9548499584197998 0.19575178623199463
vt 0.8053417205810547 0.03734922409057617
vt 0.9548499584197998 0.19575178623199463
vt 0.9584060311317444 0.19432801008224487
vt 0.8038339614868164 0.0408705472946167
vt 0.8053417205810547 0.03734922409057617
vt 0.5861081480979919 0.03458124399185181
vt 0.8038339614868164 0.0408705472946167
vt 0.5861081480979919 0.03458124399185181
vt 0.5875319838523865 0.03813737630844116
vt 0.5875319838523865 0.03813737630844116
vt 0.5861081480979919 0.03458124399185181
vt 0.42912954092025757 0.1876455545425415
vt 0.5875319838523865 0.03813737630844116
vt 0.42912954092025757 0.1876455545425415
vt 0.4326508641242981 0.18915337324142456
vt 0.4326508641242981 0.18915337324142456
vt 0.42912954092025757 0.1876455545425415
vt 0.4263615906238556 0.4068789482116699
vt 0.4326508641242981 0.18915337324142456
vt 0.4263615906238556 0.4068789482116699
vt 0.42991769313812256 0.4054551124572754
vt 0.42991769313812256 0.4054551124572754
vt 0.4263615906238556 0.4068789482116699
vt 0.5794256329536438 0.5638575553894043
vt 0.42991769313812256 0.4054551124572754
vt 0.5794256329536438 0.5638575553894043
vt 0.5809334516525269 0.5603362619876862
vt 0.5809334516525269 0.5603362619876862
vt 0.5794256329536438 0.5638575553894043
vt 0.7986589670181274 0.5666258037090302
vt 0.5809334516525269 0.5603362619876862
vt 0.7986589670181274 0.5666258037090302
vt 0.7972352504730225 0.5630697011947632
vt 0.7972352504730225 0.5630697011947632
vt 0.7986589670181274 0.5666258037090302
vt 0.95563805103302 0.41356170177459717
vt 0.7972352504730225 0.5630697011947632
vt 0.95563805103302 0.41356170177459717
vt 0.9521167278289795 0.4120538830757141
vt 0.9521167278289795 0.4120538830757141
vt 0.95563805103302 0.41356170177459717
vt 0.9584060311317444 0.19432801008224487
vt 0.9521167278289795 0.4120538830757141
vt 0.9584060311317444 0.19432801008224487
vt 0.9548499584197998 0.19575178623199463
vt 0.23028284311294556 0.2990072965621948
vt 0.24619507789611816 0.3161841034889221
vt 0.45020991563796997 0.12697219848632812
vt 0.23028284311294556 0.2990072965621948
vt 0.45020991563796997 0.12697219848632812
vt 0.43437397480010986 0.10985362529754639
vt 0.024377822875976562 0.4882901906967163
vt 0.040241241455078125 0.5054000616073608
vt 0.24619507789611816 0.3161841034889221
vt 0.024377822875976562 0.4882901906967163
vt 0.24619507789611816 0.3161841034889221
vt 0.23028284311294556 0.2990072965621948
vt 0.28216588497161865 0.14773327112197876
vt 0.2732499837875366 0.12618231773376465
vt 0.01620030403137207 0.23240149021148682
vt 0.28216588497161865 0.14773327112197876
vt 0.01620030403137207 0.23240149021148682
vt 0.025111079216003418 0.2539542317390442
vt 0.5391877889633179 0.04142659902572632
vt 0.5302807092666626 0.019870758056640625
vt 0.2732499837875366 0.12618231773376465
vt 0.5391877889633179 0.04142659902572632
vt 0.2732499837875366 0.12618231773376465
vt 0.28216588497161865 0.14773327112197876
vt 0.8191578388214111 0.709214597940445
vt 0.8396824598312378 0.7200998961925507
vt 0.9693143963813782 0.4756736755371094
vt 0.8191578388214111 0.709214597940445
vt 0.9693143963813782 0.4756736755371094
vt 0.9487898945808411 0.46478837728500366
vt 0.6895257234573364 0.9536406062543392
vt 0.7100502252578735 0.9645259827375412
vt 0.8396824598312378 0.7200998961925507
vt 0.6895257234573364 0.9536406062543392
vt 0.8396824598312378 0.7200998961925507
vt 0.8191578388214111 0.709214597940445
vt 0.6478631496429443 0.7704112976789474
vt 0.6640009880065918 0.7833087742328644
vt 0.8175972104072571 0.5911282598972321
vt 0.6478631496429443 0.7704112976789474
vt 0.8175972104072571 0.5911282598972321
vt 0.8014594316482544 0.5782305896282196
vt 0.4942670464515686 0.9625915102660656
vt 0.5104047060012817 0.9754892848432064
vt 0.6640009880065918 0.7833087742328644
vt 0.4942670464515686 0.9625915102660656
vt 0.6640009880065918 0.7833087742328644
vt 0.6478631496429443 0.7704112976789474
vt 0.7679901719093323 0.12434709072113037
vt 0.7694178223609924 0.12103301286697388
vt 0.6198795437812805 0.11915665864944458
vt 0.7679901719093323 0.12434709072113037
vt 0.6198795437812805 0.11915665864944458
vt 0.621213436126709 0.12250953912734985
vt 0.7694178223609924 0.12103301286697388
vt 0.7679901719093323 0.12434709072113037
vt 0.8704777359962463 0.22943323850631714
vt 0.7694178223609924 0.12103301286697388
vt 0.8704777359962463 0.22943323850631714
vt 0.8738306760787964 0.22809934616088867
vt 0.621213436126709 0.12250953912734985
vt 0.6198795437812805 0.11915665864944458
vt 0.5128133296966553 0.22356945276260376
vt 0.621213436126709 0.12250953912734985
vt 0.5128133296966553 0.22356945276260376
vt 0.5161274075508118 0.22499710321426392
vt 0.5161274075508118 0.22499710321426392
vt 0.5128133296966553 0.22356945276260376
vt 0.510936975479126 0.3731076121330261
vt 0.5161274075508118 0.22499710321426392
vt 0.510936975479126 0.3731076121330261
vt 0.514289915561676 0.37177371978759766
vt 0.514289915561676 0.37177371978759766
vt 0.510936975479126 0.3731076121330261
vt 0.6153496503829956 0.48017388582229614
vt 0.514289915561676 0.37177371978759766
vt 0.6153496503829956 0.48017388582229614
vt 0.6167773008346558 0.4768597483634949
vt 0.6167773008346558 0.4768597483634949
vt 0.6153496503829956 0.48017388582229614
vt 0.7648878693580627 0.4820502996444702
vt 0.6167773008346558 0.4768597483634949
vt 0.7648878693580627 0.4820502996444702
vt 0.7635539770126343 0.47869735956192017
vt 0.7635539770126343 0.47869735956192017
vt 0.7648878693580627 0.4820502996444702
vt 0.8719543218612671 0.37763768434524536
vt 0.7635539770126343 0.47869735956192017
vt 0.8719543218612671 0.37763768434524536
vt 0.8686401844024658 0.3762100338935852
vt 0.8686401844024658 0.3762100338935852
vt 0.8719543218612671 0.37763768434524536
vt 0.8738306760787964 0.22809934616088867
vt 0.8686401844024658 0.3762100338935852
vt 0.8738306760787964 0.22809934616088867
vt 0.8704777359962463 0.22943323850631714
vt 0.7433837056159973 0.1814088225364685
vt 0.744769275188446 0.17817610502243042
vt 0.6428567171096802 0.17699211835861206
vt 0.7433837056159973 0.1814088225364685
vt 0.6428567171096802 0.17699211835861206
vt 0.6441628336906433 0.18025773763656616
vt 0.744769275188446 0.17817610502243042
vt 0.7433837056159973 0.1814088225364685
vt 0.81272953748703 0.25238245725631714
vt 0.744769275188446 0.17817610502243042
vt 0.81272953748703 0.25238245725631714
vt 0.8159951567649841 0.2510764002799988
vt 0.6441628336906433 0.18025773763656616
vt 0.6428567171096802 0.17699211835861206
vt 0.5699564814567566 0.24821794033050537
vt 0.6441628336906433 0.18025773763656616
vt 0.5699564814567566 0.24821794033050537
vt 0.5731891393661499 0.24960356950759888
vt 0.5731891393661499 0.24960356950759888
vt 0.5699564814567566 0.24821794033050537
vt 0.5687724947929382 0.35013049840927124
vt 0.5731891393661499 0.24960356950759888
vt 0.5687724947929382 0.35013049840927124
vt 0.5720381140708923 0.3488243818283081
vt 0.5720381140708923 0.3488243818283081
vt 0.5687724947929382 0.35013049840927124
vt 0.6399982571601868 0.4230307340621948
vt 0.5720381140708923 0.3488243818283081
vt 0.6399982571601868 0.4230307340621948
vt 0.6413838863372803 0.41979801654815674
vt 0.6413838863372803 0.41979801654815674
vt 0.6399982571601868 0.4230307340621948
vt 0.7419108152389526 0.42421478033065796
vt 0.6413838863372803 0.41979801654815674
vt 0.7419108152389526 0.42421478033065796
vt 0.7406047582626343 0.42094916105270386
vt 0.7406047582626343 0.42094916105270386
vt 0.7419108152389526 0.42421478033065796
vt 0.8148111701011658 0.3529890179634094
vt 0.7406047582626343 0.42094916105270386
vt 0.8148111701011658 0.3529890179634094
vt 0.8115784525871277 0.3516033887863159
vt 0.8115784525871277 0.3516033887863159
vt 0.8148111701011658 0.3529890179634094
vt 0.8159951567649841 0.2510764002799988
vt 0.8115784525871277 0.3516033887863159
vt 0.8159951567649841 0.2510764002799988
vt 0.81272953748703 0.25238245725631714
vt 0.6441628336906433 0.18025773763656616
vt 0.6923838257789612 0.300603449344635
vt 0.7433837056159973 0.1814088225364685
vt 0.5731891393661499 0.24960356950759888
vt 0.6923838257789612 0.300603449344635
vt 0.6441628336906433 0.18025773763656616
vt 0.5720381140708923 0.3488243818283081
vt 0.6923838257789612 0.300603449344635
vt 0.5731891393661499 0.24960356950759888
vt 0.6413838863372803 0.41979801654815674
vt 0.6923838257789612 0.300603449344635
vt 0.5720381140708923 0.3488243818283081
vt 0.7406047582626343 0.42094916105270386
vt 0.6923838257789612 0.300603449344635
vt 0.6413838863372803 0.41979801654815674
vt 0.8115784525871277 0.3516033887863159
vt 0.6923838257789612 0.300603449344635
vt 0.7406047582626343 0.42094916105270386
vt 0.81272953748703 0.25238245725631714
vt 0.6923838257789612 0.300603449344635
vt 0.8115784525871277 0.3516033887863159
vt 0.7433837056159973 0.1814088225364685
vt 0.6923838257789612 0.300603449344635
vt 0.81272953748703 0.25238245725631714
vt 0.6428567171096802 0.17699211835861206
vt 0.744769275188446 0.17817610502243042
vt 0.7478570342063904 0.1710606813430786
vt 0.6428567171096802 0.17699211835861206
vt 0.7478570342063904 0.1710606813430786
vt 0.6400086879730225 0.16977739334106445
vt 0.7679901719093323 0.12434709072113037
vt 0.621213436126709 0.12250953912734985
vt 0.6241034269332886 0.12984800338745117
vt 0.7679901719093323 0.12434709072113037
vt 0.6241034269332886 0.12984800338745117
vt 0.7648446559906006 0.13157963752746582
vt 0.5699564814567566 0.24821794033050537
vt 0.6428567171096802 0.17699211835861206
vt 0.6400086879730225 0.16977739334106445
vt 0.5699564814567566 0.24821794033050537
vt 0.6400086879730225 0.16977739334106445
vt 0.56284099817276 0.2451302409172058
vt 0.621213436126709 0.12250953912734985
vt 0.5161274075508118 0.22499710321426392
vt 0.5233599543571472 0.2281426191329956
vt 0.621213436126709 0.12250953912734985
vt 0.5233599543571472 0.2281426191329956
vt 0.6241034269332886 0.12984800338745117
vt 0.5687724947929382 0.35013049840927124
vt 0.5699564814567566 0.24821794033050537
vt 0.56284099817276 0.2451302409172058
vt 0.5687724947929382 0.35013049840927124
vt 0.56284099817276 0.2451302409172058
vt 0.5615577697753906 0.35297852754592896
vt 0.5161274075508118 0.22499710321426392
vt 0.514289915561676 0.37177371978759766
vt 0.5216283202171326 0.36888372898101807
vt 0.5161274075508118 0.22499710321426392
vt 0.5216283202171326 0.36888372898101807
vt 0.5233599543571472 0.2281426191329956
vt 0.6399982571601868 0.4230307340621948
vt 0.5687724947929382 0.35013049840927124
vt 0.5615577697753906 0.35297852754592896
vt 0.6399982571601868 0.4230307340621948
vt 0.5615577697753906 0.35297852754592896
vt 0.6369105577468872 0.4301462173461914
vt 0.514289915561676 0.37177371978759766
vt 0.6167773008346558 0.4768597483634949
vt 0.6199228763580322 0.4696272015571594
vt 0.514289915561676 0.37177371978759766
vt 0.6199228763580322 0.4696272015571594
vt 0.5216283202171326 0.36888372898101807
vt 0.7419108152389526 0.42421478033065796
vt 0.6399982571601868 0.4230307340621948
vt 0.6369105577468872 0.4301462173461914
vt 0.7419108152389526 0.42421478033065796
vt 0.6369105577468872 0.4301462173461914
vt 0.7447588443756104 0.43142950534820557
vt 0.6167773008346558 0.4768597483634949
vt 0.7635539770126343 0.47869735956192017
vt 0.7606639862060547 0.4713589549064636
vt 0.6167773008346558 0.4768597483634949
vt 0.7606639862060547 0.4713589549064636
vt 0.6199228763580322 0.4696272015571594
vt 0.8148111701011658 0.3529890179634094
vt 0.7419108152389526 0.42421478033065796
vt 0.7447588443756104 0.43142950534820557
vt 0.8148111701011658 0.3529890179634094
vt 0.7447588443756104 0.43142950534820557
vt 0.8219265937805176 0.35607677698135376
vt 0.7635539770126343 0.47869735956192017
vt 0.8686401844024658 0.3762100338935852
vt 0.8614076375961304 0.37306445837020874
vt 0.7635539770126343 0.47869735956192017
vt 0.8614076375961304 0.37306445837020874
vt 0.7606639862060547 0.4713589549064636
vt 0.8159951567649841 0.2510764002799988
vt 0.8148111701011658 0.3529890179634094
vt 0.8219265937805176 0.35607677698135376
vt 0.8159951567649841 0.2510764002799988
vt 0.8219265937805176 0.35607677698135376
vt 0.8232098817825317 0.24822837114334106
vt 0.8686401844024658 0.3762100338935852
vt 0.8704777359962463 0.22943323850631714
vt 0.863139271736145 0.23232316970825195
vt 0.8686401844024658 0.3762100338935852
vt 0.863139271736145 0.23232316970825195
vt 0.8614076375961304 0.37306445837020874
vt 0.744769275188446 0.17817610502243042
vt 0.8159951567649841 0.2510764002799988
vt 0.8232098817825317 0.24822837114334106
vt 0.744769275188446 0.17817610502243042
vt 0.8232098817825317 0.24822837114334106
vt 0.7478570342063904 0.1710606813430786
vt 0.8704777359962463 0.22943323850631714
vt 0.7679901719093323 0.12434709072113037
vt 0.7648446559906006 0.13157963752746582
vt 0.8704777359962463 0.22943323850631714
vt 0.7648446559906006 0.13157963752746582
vt 0.863139271736145 0.23232316970825195
vt 0.5875319838523865 0.03813737630844116
vt 0.6198795437812805 0.11915665864944458
vt 0.7694178223609924 0.12103301286697388
vt 0.5875319838523865 0.03813737630844116
vt 0.7694178223609924 0.12103301286697388
vt 0.8038339614868164 0.0408705472946167
vt 0.4326508641242981 0.18915337324142456
vt 0.5128133296966553 0.22356945276260376
vt 0.6198795437812805 0.11915665864944458
vt 0.4326508641242981 0.18915337324142456
vt 0.6198795437812805 0.11915665864944458
vt 0.5875319838523865 0.03813737630844116
vt 0.42991769313812256 0.4054551124572754
vt 0.510936975479126 0.3731076121330261
vt 0.5128133296966553 0.22356945276260376
vt 0.42991769313812256 0.4054551124572754
vt 0.5128133296966553 0.22356945276260376
vt 0.4326508641242981 0.18915337324142456
vt 0.5809334516525269 0.5603362619876862
vt 0.6153496503829956 0.48017388582229614
vt 0.510936975479126 0.3731076121330261
vt 0.5809334516525269 0.5603362619876862
vt 0.510936975479126 0.3731076121330261
vt 0.42991769313812256 0.4054551124572754
vt 0.7972352504730225 0.5630697011947632
vt 0.7648878693580627 0.4820502996444702
vt 0.6153496503829956 0.48017388582229614
vt 0.7972352504730225 0.5630697011947632
vt 0.6153496503829956 0.48017388582229614
vt 0.5809334516525269 0.5603362619876862
vt 0.9521167278289795 0.4120538830757141
vt 0.8719543218612671 0.37763768434524536
vt 0.7648878693580627 0.4820502996444702
vt 0.9521167278289795 0.4120538830757141
vt 0.7648878693580627 0.4820502996444702
vt 0.7972352504730225 0.5630697011947632
vt 0.9548499584197998 0.19575178623199463
vt 0.8738306760787964 0.22809934616088867
vt 0.8719543218612671 0.37763768434524536
vt 0.9548499584197998 0.19575178623199463
vt 0.8719543218612671 0.37763768434524536
vt 0.9521167278289795 0.4120538830757141
vt 0.8038339614868164 0.0408705472946167
vt 0.7694178223609924 0.12103301286697388
vt 0.8738306760787964 0.22809934616088867
vt 0.8038339614868164 0.0408705472946167
vt 0.8738306760787964 0.22809934616088867
vt 0.9548499584197998 0.19575178623199463
vn 1.1000620503409591e-7 -0.9999999999999933 -3.834494322063594e-8
vn 1.1000621924495063e-7 -0.9999999999999933 -3.834497164234537e-8
vn -1.4087450495025963e-7 -0.999999999999988 -6.689970177831048e-8
vn 1.1000620503409591e-7 -0.9999999999999933 -3.834494322063594e-8
vn -1.4087450495025963e-7 -0.999999999999988 -6.689970177831048e-8
vn -1.4087454758282378e-7 -0.999999999999988 -6.689975862172934e-8
vn 4.044863146645752e-7 -0.9999999999999154 -7.430223547543673e-8
vn 4.0448637150799404e-7 -0.9999999999999154 -7.430222837000937e-8
vn 1.1000621924495063e-7 -0.9999999999999933 -3.834497164234537e-8
vn 4.044863146645752e-7 -0.9999999999999154 -7.430223547543673e-8
vn 1.1000621924495063e-7 -0.9999999999999933 -3.834497164234537e-8
vn 1.1000620503409591e-7 -0.9999999999999933 -3.834494322063594e-8
vn 3.8161974202918766e-7 -0.999999999999927 2.7679030623060296e-8
vn 3.8161965676405937e-7 -0.999999999999927 2.7679037728487653e-8
vn 4.0448637150799404e-7 -0.9999999999999154 -7.430222837000937e-8
vn 3.8161974202918766e-7 -0.999999999999927 2.7679030623060296e-8
vn 4.0448637150799404e-7 -0.9999999999999154 -7.430222837000937e-8
vn 4.044863146645752e-7 -0.9999999999999154 -7.430223547543673e-8
vn 5.901346256109708e-8 -0.9999999999999982 -1.7948696751091087e-8
vn 5.901345190295604e-8 -0.9999999999999982 -1.7948710961945802e-8
vn 3.8161965676405937e-7 -0.999999999999927 2.7679037728487653e-8
vn 5.901346256109708e-8 -0.9999999999999982 -1.7948696751091087e-8
vn 3.8161965676405937e-7 -0.999999999999927 2.7679037728487653e-8
vn 3.8161974202918766e-7 -0.999999999999927 2.7679030623060296e-8
vn -1.2912134650377874e-7 -0.9999999999999907 4.487166904709697e-8
vn -1.2912143176890703e-7 -0.9999999999999907 4.48718147083578e-8
vn 5.901345190295604e-8 -0.9999999999999982 -1.7948710961945802e-8
vn -1.2912134650377874e-7 -0.9999999999999907 4.487166904709697e-8
vn 5.901345190295604e-8 -0.9999999999999982 -1.7948710961945802e-8
vn 5.901346256109708e-8 -0.9999999999999982 -1.7948696751091087e-8
vn -4.1164469166684296e-7 -0.9999999999999118 8.246076532713415e-8
vn -4.116447485102618e-7 -0.9999999999999118 8.246072269457e-8
vn -1.2912143176890703e-7 -0.9999999999999907 4.48718147083578e-8
vn -4.1164469166684296e-7 -0.9999999999999118 8.246076532713415e-8
vn -1.2912143176890703e-7 -0.9999999999999907 4.48718147083578e-8
vn -1.2912134650377874e-7 -0.9999999999999907 4.487166904709697e-8
vn -4.5152410166333216e-7 -0.9999999999998921 -1.1089572637955539e-7
vn -4.5152390271136614e-7 -0.9999999999998921 -1.1089583296096575e-7
vn -4.116447485102618e-7 -0.9999999999999118 8.246072269457e-8
vn -4.5152410166333216e-7 -0.9999999999998921 -1.1089572637955539e-7
vn -4.116447485102618e-7 -0.9999999999999118 8.246072269457e-8
vn -4.1164469166684296e-7 -0.9999999999999118 8.246076532713415e-8
vn -1.4087454758282378e-7 -0.999999999999988 -6.689975862172934e-8
vn -1.4087450495025963e-7 -0.999999999999988 -6.689970177831048e-8
vn -4.5152390271136614e-7 -0.9999999999998921 -1.1089583296096575e-7
vn -1.4087454758282378e-7 -0.999999999999988 -6.689975862172934e-8
vn -4.5152390271136614e-7 -0.9999999999998921 -1.1089583296096575e-7
vn -4.5152410166333216e-7 -0.9999999999998921 -1.1089572637955539e-7
vn -0.4230235185784461 -0.80131273832527 -0.4230236377877347
vn -0.4230235483807694 -0.8013127383252721 -0.42302360798541366
vn -0.42302350477540385 -0.8013127686319246 -0.4230235941823737
vn -0.4230235185784461 -0.80131273832527 -0.4230236377877347
vn -0.42302350477540385 -0.8013127686319246 -0.4230235941823737
vn -0.42302350477540385 -0.8013127686319246 -0.4230235941823737
vn -3.014830321874866e-8 -0.8013132759944506 -0.5982449612951541
vn -3.014830321874866e-8 -0.8013132759944506 -0.5982449612951541
vn -3.014830429378223e-8 -0.8013133045678223 -0.5982449230228332
vn -3.014830321874866e-8 -0.8013132759944506 -0.5982449612951541
vn -3.014830429378223e-8 -0.8013133045678223 -0.5982449230228332
vn -3.014830074106845e-8 -0.8013133045678223 -0.5982449230228332
vn 0.42302235135872235 -0.801314159499625 -0.42302211294014785
vn 0.4230223715631356 -0.8013141381673828 -0.4230221331445498
vn 0.4230223758279804 -0.8013141493974185 -0.4230221076070876
vn 0.42302235135872235 -0.801314159499625 -0.42302211294014785
vn 0.4230223758279804 -0.8013141493974185 -0.4230221076070876
vn 0.42302235135872235 -0.801314159499625 -0.42302211294014785
vn 0.5982458782600414 -0.8013125914054214 0
vn 0.5982458782600414 -0.8013125914054214 0
vn 0.5982459165322943 -0.8013125628320295 0
vn 0.5982458782600414 -0.8013125914054214 0
vn 0.5982459165322943 -0.8013125628320295 0
vn 0.5982459165322943 -0.8013125628320295 0
vn 0.42302272437337907 -0.8013135925997271 0.42302281378034773
vn 0.4230227041689629 -0.8013136139320213 0.42302279357592737
vn 0.4230227297064529 -0.8013136027019375 0.42302278931109943
vn 0.42302272437337907 -0.8013135925997271 0.42302281378034773
vn 0.4230227297064529 -0.8013136027019375 0.42302278931109943
vn 0.42302273397128515 -0.8013136139320227 0.42302276377360665
vn 3.238975203808035e-8 -0.8013107513475346 0.5982483428935249
vn 3.238975559079391e-8 -0.8013107513475346 0.5982483428935249
vn 3.238974964033272e-8 -0.801310779920977 0.5982483046214462
vn 3.238975203808035e-8 -0.8013107513475346 0.5982483428935249
vn 3.238974964033272e-8 -0.801310779920977 0.5982483046214462
vn 3.2389756745760096e-8 -0.801310779920977 0.5982483046214462
vn -0.42302291473464465 -0.8013134388108134 0.42302291473464465
vn -0.42302291473464465 -0.8013134388108134 0.42302291473464465
vn -0.42302291473464465 -0.8013134388108134 0.42302291473464465
vn -0.42302291473464465 -0.8013134388108134 0.42302291473464465
vn -0.42302291473464465 -0.8013134388108134 0.42302291473464465
vn -0.4230229540752325 -0.8013133972740799 0.4230229540752325
vn -0.5982423343886619 -0.8013152371852194 -5.444058463747437e-9
vn -0.5982423343886619 -0.8013152371852194 -5.444058463747437e-9
vn -0.5982422675428387 -0.8013152870906697 -5.444058397852055e-9
vn -0.5982423343886619 -0.8013152371852194 -5.444058463747437e-9
vn -0.5982422675428387 -0.8013152870906697 -5.444058397852055e-9
vn -0.5982422675428387 -0.8013152870906697 -5.444058397852055e-9
vn 1.2970990176456473e-7 -0.8013147023158599 0.5982430508183341
vn 1.297099033345747e-7 -0.8013146524103364 0.598243117664119
vn 1.2970990176456473e-7 -0.8013147023158599 0.5982430508183341
vn 1.2970990176456473e-7 -0.8013147023158599 0.5982430508183341
vn 1.2970990176456473e-7 -0.8013147023158599 0.5982430508183341
vn 1.297099159754193e-7 -0.8013147023158599 0.5982430508183341
vn 0.42302194817580735 -0.8013143649271597 0.4230221269897441
vn 0.423021927971409 -0.80131438625938 0.4230221067853372
vn 0.423021927971409 -0.80131438625938 0.4230221067853372
vn 0.42302194817580735 -0.8013143649271597 0.4230221269897441
vn 0.423021927971409 -0.80131438625938 0.4230221067853372
vn 0.42302194284275185 -0.8013143548249557 0.4230221514590088
vn -0.42302081691084126 -0.8013155593373321 0.4230209957247786
vn -0.42302081157781424 -0.80131554923514 0.4230210201940718
vn -0.4230207967064667 -0.8013155806694383 0.4230209755203954
vn -0.42302081691084126 -0.8013155593373321 0.4230209957247786
vn -0.4230207967064667 -0.8013155806694383 0.4230209755203954
vn -0.42302084138013896 -0.8013155492351443 0.4230209903917515
vn -0.5982419904602994 -0.8013154939535981 1.118824954305257e-8
vn -0.5982419904602994 -0.8013154939535981 1.1188250431230998e-8
vn -0.5982419904602994 -0.8013154939535981 1.118824954305257e-8
vn -0.5982419904602994 -0.8013154939535981 1.118824954305257e-8
vn -0.5982419904602994 -0.8013154939535981 1.118824954305257e-8
vn -0.5982419904602994 -0.8013154939535981 1.118824954305257e-8
vn -0.4230215706495207 -0.8013146848621784 -0.423021898475056
vn -0.4230215908539095 -0.8013146635299864 -0.4230219186794605
vn -0.4230215706495207 -0.8013146848621784 -0.423021898475056
vn -0.4230215706495207 -0.8013146848621784 -0.423021898475056
vn -0.4230215706495207 -0.8013146848621784 -0.423021898475056
vn -0.4230215461802422 -0.8013146949643722 -0.42302190380810345
vn -1.6503500420479765e-7 -0.8013150089900164 -0.5982426400444077
vn -1.6503500420479765e-7 -0.8013150089900164 -0.5982426400444077
vn -1.6503501841565236e-7 -0.8013150089900164 -0.5982426400444077
vn -1.6503500420479765e-7 -0.8013150089900164 -0.5982426400444077
vn -1.6503501841565236e-7 -0.8013150089900164 -0.5982426400444077
vn -1.6503500420479765e-7 -0.8013150089900164 -0.5982426400444077
vn 0.4230209476679014 -0.8013154055490068 -0.42302115628415254
vn 0.42302096787227883 -0.8013153842168838 -0.42302117648853993
vn 0.4230209732053099 -0.8013153943190777 -0.4230211520192503
vn 0.4230209476679014 -0.8013154055490068 -0.42302115628415254
vn 0.4230209732053099 -0.8013153943190777 -0.4230211520192503
vn 0.42302096787227883 -0.8013153842168838 -0.42302117648853993
vn 0.5982397360490347 -0.8013171770353901 -1.2081298777316976e-7
vn 0.5982397743217255 -0.8013171484621281 -1.208129834652362e-7
vn 0.598239841167675 -0.8013170985569076 -1.2081298492759905e-7
vn 0.5982397360490347 -0.8013171770353901 -1.2081298777316976e-7
vn 0.598239841167675 -0.8013170985569076 -1.2081298492759905e-7
vn 0.5982397743217255 -0.8013171484621281 -1.208129834652362e-7
vn -8.059417652469041e-8 -0.8013120279594609 -0.5982466329595926
vn -8.059417750017311e-8 -0.8013119780536058 -0.5982466998051983
vn -8.059416941926306e-8 -0.8013120279594609 -0.5982466329595926
vn -8.059417652469041e-8 -0.8013120279594609 -0.5982466329595926
vn -8.059416941926306e-8 -0.8013120279594609 -0.5982466329595926
vn -8.059416752089598e-8 -0.801311949480197 -0.5982467380773918
vn -0.42302059455094404 -0.8013156525124502 -0.42302104158577275
vn -0.42302059455094404 -0.8013156525124502 -0.42302104158577275
vn -0.42302058921791935 -0.8013156424102562 -0.42302106605506395
vn -0.42302059455094404 -0.8013156525124502 -0.42302104158577275
vn -0.42302058921791935 -0.8013156424102562 -0.42302106605506395
vn -0.42302059455094404 -0.8013156525124502 -0.42302104158577275
vn 0.42302159536506434 -0.8013149104938907 -0.4230214463534486
vn 0.423021633637534 -0.8013148700851055 -0.4230214846259258
vn 0.4230216145012999 -0.8013148902894981 -0.423021465489688
vn 0.42302159536506434 -0.8013149104938907 -0.4230214463534486
vn 0.4230216145012999 -0.8013148902894981 -0.423021465489688
vn 0.42302164430362005 -0.8013148902894938 -0.42302143568736333
vn 0.5982414459942201 -0.8013159004379867 -5.8115808820074033e-8
vn 0.5982414459942201 -0.8013159004379867 -5.8115808820074033e-8
vn 0.5982414459942201 -0.8013159004379867 -5.81158123727877e-8
vn 0.5982414459942201 -0.8013159004379867 -5.8115808820074033e-8
vn 0.5982414459942201 -0.8013159004379867 -5.81158123727877e-8
vn 0.5982414459942201 -0.8013159004379867 -5.8115808820074033e-8
vn 0.423021783471034 -0.8013146332234119 0.423021783471034
vn 0.42302176433480926 -0.8013146534278093 0.42302176433480926
vn 0.42302176433480926 -0.8013146534278093 0.42302176433480926
vn 0.423021783471034 -0.8013146332234119 0.423021783471034
vn 0.42302176433480926 -0.8013146534278093 0.42302176433480926
vn 0.42302176433480926 -0.8013146534278093 0.42302176433480926
vn 8.063474180608268e-8 -0.8013139392501156 0.5982440729029046
vn 8.063474603622605e-8 -0.8013139106767625 0.5982441111752851
vn 8.06347347006553e-8 -0.8013139392501156 0.5982440729029046
vn 8.063474180608268e-8 -0.8013139392501156 0.5982440729029046
vn 8.06347347006553e-8 -0.8013139392501156 0.5982440729029046
vn 8.06347347006553e-8 -0.8013139392501156 0.5982440729029046
vn -0.4230207236041114 -0.8013159095780019 0.4230204255808853
vn -0.42302076720969123 -0.8013158792714398 0.4230204393841549
vn -0.42302076720969123 -0.8013158792714398 0.4230204393841549
vn -0.4230207236041114 -0.8013159095780019 0.4230204255808853
vn -0.42302076720969123 -0.8013158792714398 0.4230204393841549
vn -0.42302075340642986 -0.801315909577994 0.4230203957785586
vn -0.5982416179585088 -0.8013157720539288 4.322637114637701e-8
vn -0.5982416179585088 -0.8013157720539288 4.322637114637701e-8
vn -0.5982416465318103 -0.8013157507218405 4.3226369658247324e-8
vn -0.5982416179585088 -0.8013157720539288 4.322637114637701e-8
vn -0.5982416465318103 -0.8013157507218405 4.3226369658247324e-8
vn -0.5982416179585088 -0.8013157720539288 4.3226367593663384e-8
vn 1.5777605000266664e-8 -0.9999999999999976 7.057899154005992e-8
vn -2.601803217316955e-8 -0.9999999999999996 1.900855650660559e-8
vn -4.597929859073689e-8 -0.9999999999999973 5.545491887914963e-8
vn 4.271165110480974e-8 -0.9999999999999989 2.6034571831701184e-8
vn -2.601803217316955e-8 -0.9999999999999996 1.900855650660559e-8
vn 1.5777605000266664e-8 -0.9999999999999976 7.057899154005992e-8
vn 2.3666398618615815e-8 -0.9999999999999982 -5.462712593384812e-8
vn -2.601803217316955e-8 -0.9999999999999996 1.900855650660559e-8
vn 4.271165110480974e-8 -0.9999999999999989 2.6034571831701184e-8
vn -5.08807715959846e-8 -0.999999999999998 -4.033083911281202e-8
vn -2.601803217316955e-8 -0.9999999999999996 1.900855650660559e-8
vn 2.3666398618615815e-8 -0.9999999999999982 -5.462712593384812e-8
vn -9.291565561397835e-8 -0.9999999999999958 5.041355777279911e-9
vn -2.601803217316955e-8 -0.9999999999999996 1.900855650660559e-8
vn -5.08807715959846e-8 -0.999999999999998 -4.033083911281202e-8
vn -4.992369895262519e-8 -0.9999999999999982 3.487559752102237e-8
vn -2.601803217316955e-8 -0.9999999999999996 1.900855650660559e-8
vn -9.291565561397835e-8 -0.9999999999999958 5.041355777279911e-9
vn -5.0600455381299835e-8 -0.9999999999999971 5.504102418285568e-8
vn -2.601803217316955e-8 -0.9999999999999996 1.900855650660559e-8
vn -4.992369895262519e-8 -0.9999999999999982 3.487559752102237e-8
vn -4.597929859073689e-8 -0.9999999999999973 5.545491887914963e-8
vn -2.601803217316955e-8 -0.9999999999999996 1.900855650660559e-8
vn -5.0600455381299835e-8 -0.9999999999999971 5.504102418285568e-8
vn -7.496055332012455e-8 0 -0.9999999999999973
vn -7.496055332012455e-8 0 -0.9999999999999973
vn -7.496055332012455e-8 0 -0.9999999999999973
vn -7.496055332012455e-8 0 -0.9999999999999973
vn -7.496055332012455e-8 0 -0.9999999999999973
vn -7.496055332012455e-8 0 -0.9999999999999973
vn 0 0 1
vn 0 0 1
vn 0 0 1
vn 0 0 1
vn 0 0 1
vn 0 0 1
vn 0.7071067811865476 0 -0.7071067811865476
vn 0.7071067811865476 0 -0.7071067811865476
vn 0.7071067811865476 0 -0.7071067811865476
vn 0.7071067811865476 0 -0.7071067811865476
vn 0.7071067811865476 0 -0.7071067811865476
vn 0.7071067811865476 0 -0.7071067811865476
vn -0.7071067811865476 0 0.7071067811865476
vn -0.7071067811865476 0 0.7071067811865476
vn -0.7071067811865476 0 0.7071067811865476
vn -0.7071067811865476 0 0.7071067811865476
vn -0.7071067811865476 0 0.7071067811865476
vn -0.7071067811865476 0 0.7071067811865476
vn 1 0 0
vn 1 0 0
vn 1 0 0
vn 1 0 0
vn 1 0 0
vn 1 0 0
vn -0.9999999999999936 0 1.1303269786821984e-7
vn -0.9999999999999936 0 1.1303269786821984e-7
vn -0.9999999999999936 0 1.1303269786821984e-7
vn -0.9999999999999936 0 1.1303269786821984e-7
vn -0.9999999999999936 0 1.1303269786821984e-7
vn -0.9999999999999936 0 1.1303269786821984e-7
vn 0.7071067811865476 0 0.7071067811865476
vn 0.7071067811865476 0 0.7071067811865476
vn 0.7071067811865476 0 0.7071067811865476
vn 0.7071067811865476 0 0.7071067811865476
vn 0.7071067811865476 0 0.7071067811865476
vn 0.7071067811865476 0 0.7071067811865476
vn -0.7071066917795769 0 -0.7071068705935067
vn -0.7071067513842252 0 -0.7071068109888685
vn -0.7071067811865476 0 -0.7071067811865476
vn -0.7071066917795769 0 -0.7071068705935067
vn -0.7071067811865476 0 -0.7071067811865476
vn -0.7071067811865476 0 -0.7071067811865476
vn 7.496043252785947e-8 0 0.9999999999999973
vn 7.496043963328683e-8 0 0.9999999999999973
vn 7.496043963328683e-8 0 0.9999999999999973
vn 7.496043252785947e-8 0 0.9999999999999973
vn 7.496043963328683e-8 0 0.9999999999999973
vn 7.496043252785947e-8 0 0.9999999999999973
vn -1.1367222896296807e-7 0 -0.9999999999999936
vn -1.1367221475211336e-7 0 -0.9999999999999936
vn -1.1367222896296807e-7 0 -0.9999999999999936
vn -1.1367222896296807e-7 0 -0.9999999999999936
vn -1.1367222896296807e-7 0 -0.9999999999999936
vn -1.1367221475211336e-7 0 -0.9999999999999936
vn -0.707106900395829 0 0.7071066619772459
vn -0.707106900395829 0 0.7071066619772459
vn -0.707106900395829 0 0.7071066619772459
vn -0.707106900395829 0 0.7071066619772459
vn -0.707106900395829 0 0.7071066619772459
vn -0.707106900395829 0 0.7071066619772459
vn 0.7071067811865476 0 -0.7071067811865476
vn 0.7071067811865476 0 -0.7071067811865476
vn 0.7071067811865476 0 -0.7071067811865476
vn 0.7071067811865476 0 -0.7071067811865476
vn 0.7071067811865476 0 -0.7071067811865476
vn 0.7071067811865476 0 -0.7071067811865476
vn -0.9999999999999993 0 -3.726932717995621e-8
vn -0.9999999999999993 0 -3.726933073266989e-8
vn -0.9999999999999993 0 -3.726932717995621e-8
vn -0.9999999999999993 0 -3.726932717995621e-8
vn -0.9999999999999993 0 -3.726932717995621e-8
vn -0.9999999999999993 0 -3.726933073266989e-8
vn 0.9999999999999936 0 -1.130327049736472e-7
vn 0.9999999999999936 0 -1.1303269076279248e-7
vn 0.9999999999999936 0 -1.130327049736472e-7
vn 0.9999999999999936 0 -1.130327049736472e-7
vn 0.9999999999999936 0 -1.130327049736472e-7
vn 0.9999999999999936 0 -1.1303269786821984e-7
vn -0.7071066023725875 0 -0.7071069600004624
vn -0.7071066023725875 0 -0.7071069600004624
vn -0.7071065725702652 0 -0.7071069898027682
vn -0.7071066023725875 0 -0.7071069600004624
vn -0.7071065725702652 0 -0.7071069898027682
vn -0.7071065427679242 0 -0.7071070196050905
vn 0.7071068109888685 0 0.7071067513842252
vn 0.7071068109888685 0 0.7071067513842252
vn 0.7071068109888685 0 0.7071067513842252
vn 0.7071068109888685 0 0.7071067513842252
vn 0.7071068109888685 0 0.7071067513842252
vn 0.7071068109888685 0 0.7071067513842252
vn -5.102939226730963e-8 -0.9999999999999936 1.0175795495115314e-7
vn -5.102938160916859e-8 -0.9999999999999936 1.0175793363487107e-7
vn 4.5411840954301345e-10 -0.9999999999999989 4.625361071930451e-8
vn -5.102939226730963e-8 -0.9999999999999936 1.0175795495115314e-7
vn 4.5411840954301345e-10 -0.9999999999999989 4.625361071930451e-8
vn 4.541158282744812e-10 -0.9999999999999989 4.625360361387715e-8
vn -1.188824469977578e-7 -0.9999999999999902 7.400576862437374e-8
vn -1.188824469977578e-7 -0.9999999999999902 7.400579704608317e-8
vn -5.102938160916859e-8 -0.9999999999999936 1.0175793363487107e-7
vn -1.188824469977578e-7 -0.9999999999999902 7.400576862437374e-8
vn -5.102938160916859e-8 -0.9999999999999936 1.0175793363487107e-7
vn -5.102939226730963e-8 -0.9999999999999936 1.0175795495115314e-7
vn -1.032021117453032e-7 -0.9999999999999909 -8.788187955133174e-8
vn -1.0320212595615791e-7 -0.9999999999999909 -8.788186534047702e-8
vn -1.188824469977578e-7 -0.9999999999999902 7.400579704608317e-8
vn -1.032021117453032e-7 -0.9999999999999909 -8.788187955133174e-8
vn -1.188824469977578e-7 -0.9999999999999902 7.400579704608317e-8
vn -1.188824469977578e-7 -0.9999999999999902 7.400576862437374e-8
vn -4.09769214115838e-8 -0.999999999999994 -1.0175794074029848e-7
vn -4.09769214115838e-8 -0.999999999999994 -1.0175794074029848e-7
vn -1.0320212595615791e-7 -0.9999999999999909 -8.788186534047702e-8
vn -4.09769214115838e-8 -0.999999999999994 -1.0175794074029848e-7
vn -1.0320212595615791e-7 -0.9999999999999909 -8.788186534047702e-8
vn -1.032021117453032e-7 -0.9999999999999909 -8.788187955133174e-8
vn -1.1493379581395369e-8 -0.9999999999999971 -7.400575441351954e-8
vn -1.1493383134109048e-8 -0.9999999999999971 -7.400575441351954e-8
vn -4.09769214115838e-8 -0.999999999999994 -1.0175794074029848e-7
vn -1.1493379581395369e-8 -0.9999999999999971 -7.400575441351954e-8
vn -4.09769214115838e-8 -0.999999999999994 -1.0175794074029848e-7
vn -4.09769214115838e-8 -0.999999999999994 -1.0175794074029848e-7
vn 1.099836453022355e-7 -0.9999999999999931 -4.16282333048909e-8
vn 1.0998361688052607e-7 -0.9999999999999931 -4.1628240410318255e-8
vn -1.1493383134109048e-8 -0.9999999999999971 -7.400575441351954e-8
vn 1.099836453022355e-7 -0.9999999999999931 -4.16282333048909e-8
vn -1.1493383134109048e-8 -0.9999999999999971 -7.400575441351954e-8
vn -1.1493379581395369e-8 -0.9999999999999971 -7.400575441351954e-8
vn 1.1630329055378667e-7 -0.9999999999999927 3.700288431218696e-8
vn 1.1630329765921403e-7 -0.9999999999999927 3.7002873654045926e-8
vn 1.0998361688052607e-7 -0.9999999999999931 -4.1628240410318255e-8
vn 1.1630329055378667e-7 -0.9999999999999927 3.700288431218696e-8
vn 1.0998361688052607e-7 -0.9999999999999931 -4.1628240410318255e-8
vn 1.099836453022355e-7 -0.9999999999999931 -4.16282333048909e-8
vn 4.541158282744812e-10 -0.9999999999999989 4.625360361387715e-8
vn 4.5411840954301345e-10 -0.9999999999999989 4.625361071930451e-8
vn 1.1630329765921403e-7 -0.9999999999999927 3.7002873654045926e-8
vn 4.541158282744812e-10 -0.9999999999999989 4.625360361387715e-8
vn 1.1630329765921403e-7 -0.9999999999999927 3.7002873654045926e-8
vn 1.1630329055378667e-7 -0.9999999999999927 3.700288431218696e-8
vn -1.2476812116801612e-7 0.9999999999999898 -7.179480121521847e-8
vn -1.2476816380058026e-7 0.9999999999999898 -7.179482253150054e-8
vn 1.4891055855059448e-7 0.9999999999999847 -9.137524159541359e-8
vn -1.2476812116801612e-7 0.9999999999999898 -7.179480121521847e-8
vn 1.4891055855059448e-7 0.9999999999999847 -9.137524159541359e-8
vn 1.4891060118315863e-7 0.9999999999999847 -9.137526291169566e-8
vn -4.272842772933977e-7 0.9999999999999052 -8.539824136732122e-8
vn -4.2728433413681657e-7 0.9999999999999052 -8.539822005103915e-8
vn -1.2476816380058026e-7 0.9999999999999898 -7.179482253150054e-8
vn -4.272842772933977e-7 0.9999999999999052 -8.539824136732122e-8
vn -1.2476816380058026e-7 0.9999999999999898 -7.179482253150054e-8
vn -1.2476812116801612e-7 0.9999999999999898 -7.179480121521847e-8
vn -4.101343620277125e-7 0.9999999999999145 5.3296268731623956e-8
vn -4.101343336060031e-7 0.9999999999999145 5.329628294247867e-8
vn -4.2728433413681657e-7 0.9999999999999052 -8.539822005103915e-8
vn -4.101343620277125e-7 0.9999999999999145 5.3296268731623956e-8
vn -4.2728433413681657e-7 0.9999999999999052 -8.539822005103915e-8
vn -4.272842772933977e-7 0.9999999999999052 -8.539824136732122e-8
vn -8.351008773388422e-8 0.9999999999999958 4.079251780808573e-8
vn -8.35100735230295e-8 0.9999999999999958 4.0792507149944696e-8
vn -4.101343336060031e-7 0.9999999999999145 5.329628294247867e-8
vn -8.351008773388422e-8 0.9999999999999958 4.079251780808573e-8
vn -4.101343336060031e-7 0.9999999999999145 5.329628294247867e-8
vn -4.101343620277125e-7 0.9999999999999145 5.3296268731623956e-8
vn 1.3313938040937342e-7 0.999999999999988 7.832156967424359e-8
vn 1.33139451463647e-7 0.999999999999988 7.832168336108131e-8
vn -8.35100735230295e-8 0.9999999999999958 4.0792507149944696e-8
vn 1.3313938040937342e-7 0.999999999999988 7.832156967424359e-8
vn -8.35100735230295e-8 0.9999999999999958 4.0792507149944696e-8
vn -8.351008773388422e-8 0.9999999999999958 4.079251780808573e-8
vn 4.1164469166684296e-7 0.9999999999999118 8.29507342814322e-8
vn 4.116448053536807e-7 0.9999999999999118 8.295069164886806e-8
vn 1.33139451463647e-7 0.999999999999988 7.832168336108131e-8
vn 4.1164469166684296e-7 0.9999999999999118 8.29507342814322e-8
vn 1.33139451463647e-7 0.999999999999988 7.832168336108131e-8
vn 1.3313938040937342e-7 0.999999999999988 7.832156967424359e-8
vn 4.515241300850415e-7 0.9999999999998919 -1.1285332845999308e-7
vn 4.5152393113307547e-7 0.9999999999998919 -1.1285343504140345e-7
vn 4.116448053536807e-7 0.9999999999999118 8.295069164886806e-8
vn 4.515241300850415e-7 0.9999999999998919 -1.1285332845999308e-7
vn 4.116448053536807e-7 0.9999999999999118 8.295069164886806e-8
vn 4.1164469166684296e-7 0.9999999999999118 8.29507342814322e-8
vn 1.4891060118315863e-7 0.9999999999999847 -9.137526291169566e-8
vn 1.4891055855059448e-7 0.9999999999999847 -9.137524159541359e-8
vn 4.5152393113307547e-7 0.9999999999998919 -1.1285343504140345e-7
vn 1.4891060118315863e-7 0.9999999999999847 -9.137526291169566e-8
vn 4.5152393113307547e-7 0.9999999999998919 -1.1285343504140345e-7
vn 4.515241300850415e-7 0.9999999999998919 -1.1285332845999308e-7
vn 0.4230228891375079 0.8013133871718643 -0.4230230381491174
vn 0.4230228838044292 0.8013133770696512 -0.4230230626183583
vn 0.4230228838044292 0.8013133770696512 -0.4230230626183583
vn 0.4230228891375079 0.8013133871718643 -0.4230230381491174
vn 0.4230228838044292 0.8013133770696512 -0.4230230626183583
vn 0.4230229093419273 0.801313365839548 -0.423023058353544
vn -1.3404129968193597e-8 0.801314039061335 -0.5982439392114297
vn -1.3404132384759068e-8 0.8013140177290813 -0.5982439677847803
vn -1.3404132384759068e-8 0.8013140177290813 -0.5982439677847803
vn -1.3404129968193597e-8 0.801314039061335 -0.5982439392114297
vn -1.3404132384759068e-8 0.8013140177290813 -0.5982439677847803
vn -1.3404131018614496e-8 0.80131398915573 -0.5982440060571694
vn -0.42302248431152 0.8013140663241035 -0.42302215648596947
vn -0.4230224449709092 0.8013141078607603 -0.4230221171453661
vn -0.42302247897845735 0.8013140562219025 -0.42302218095523336
vn -0.42302248431152 0.8013140663241035 -0.42302215648596947
vn -0.42302247897845735 0.8013140562219025 -0.42302218095523336
vn -0.42302248431152 0.8013140663241035 -0.42302215648596947
vn -0.5982459833779358 0.8013125129262405 0
vn -0.5982460216501805 0.8013124843528472 0
vn -0.5982459833779358 0.8013125129262405 0
vn -0.5982459833779358 0.8013125129262405 0
vn -0.5982459833779358 0.8013125129262405 0
vn -0.5982460216501805 0.8013124843528472 0
vn -0.42302385901943673 0.8013125834081366 0.42302359079852936
vn -0.4230238536863386 0.80131257330592 0.4230236152677572
vn -0.42302382921711673 0.8013125834081424 0.4230236206008554
vn -0.42302385901943673 0.8013125834081366 0.42302359079852936
vn -0.42302382921711673 0.8013125834081424 0.4230236206008554
vn -0.4230238728224612 0.8013125531014811 0.42302363440388585
vn -3.2389774467085064e-8 0.8013111365037586 0.5982478270040383
vn -3.238977091437138e-8 0.8013111365037586 0.5982478270040383
vn -3.2389774467085064e-8 0.8013111365037586 0.5982478270040383
vn -3.2389774467085064e-8 0.8013111365037586 0.5982478270040383
vn -3.2389774467085064e-8 0.8013111365037586 0.5982478270040383
vn -3.2389774467085064e-8 0.8013111365037586 0.5982478270040383
vn 0.42302353457772784 0.801312768631926 0.4230235643800511
vn 0.42302353457772784 0.801312768631926 0.4230235643800511
vn 0.423023484570971 0.8013127899642978 0.42302357397793655
vn 0.42302353457772784 0.801312768631926 0.4230235643800511
vn 0.423023484570971 0.8013127899642978 0.42302357397793655
vn 0.4230235090402006 0.8013127798620815 0.42302356864484353
vn 0.5982425063527956 0.8013151088009787 -2.9539989272281118e-8
vn 0.5982424012344822 0.8013151872797619 -2.9539989968064643e-8
vn 0.5982425063527956 0.8013151088009787 -2.953999282499471e-8
vn 0.5982425063527956 0.8013151088009787 -2.9539989272281118e-8
vn 0.5982425063527956 0.8013151088009787 -2.953999282499471e-8
vn 0.5982424680803003 0.8013151373742979 -2.9539990325618985e-8
vn -3.191111375144827e-8 0 -0.9999999999999996
vn -3.191111375144827e-8 0 -0.9999999999999996
vn -3.191111375144827e-8 0 -0.9999999999999996
vn -3.191111375144827e-8 0 -0.9999999999999996
vn -3.191111375144827e-8 0 -0.9999999999999996
vn -3.191111375144827e-8 0 -0.9999999999999996
vn -0.7071068705930651 -0.000001117768505750244 -0.7071066917791352
vn -0.7071069003953873 -0.0000011177686665474973 -0.707106661976804
vn -0.7071068705930651 -0.000001117768505750244 -0.7071066917791352
vn -0.7071068705930651 -0.000001117768505750244 -0.7071066917791352
vn -0.7071068705930651 -0.000001117768505750244 -0.7071066917791352
vn -0.7071068705930651 -0.000001117768505750244 -0.7071066917791352
vn -0.9999999999975007 0.0000022355370674575684 -3.739818055227918e-8
vn -0.9999999999975007 0.0000022355370674575684 -3.73981769995655e-8
vn -0.9999999999975007 0.0000022355375222049193 -3.739818055227918e-8
vn -0.9999999999975007 0.0000022355370674575684 -3.739818055227918e-8
vn -0.9999999999975007 0.0000022355375222049193 -3.739818055227918e-8
vn -0.9999999999975007 0.000002235537294831244 -3.739818055227918e-8
vn -0.707106602372477 5.588847880213592e-7 0.7071069600003518
vn -0.7071066321748132 5.588848213095503e-7 0.7071069301980296
vn -0.7071066321748132 5.588848213095503e-7 0.7071069301980296
vn -0.707106602372477 5.588847880213592e-7 0.7071069600003518
vn -0.7071066321748132 5.588848213095503e-7 0.7071069301980296
vn -0.707106602372477 5.588847880213592e-7 0.7071069600003518
vn -1.0637066338858858e-8 -3.3312138854671436e-14 1
vn -1.0637065450680439e-8 -3.3312138854671436e-14 1
vn -1.0637065450680439e-8 -3.3312138854671436e-14 1
vn -1.0637066338858858e-8 -3.3312138854671436e-14 1
vn -1.0637065450680439e-8 -3.3312138854671436e-14 1
vn -1.0637066338858858e-8 -3.3312138854671436e-14 1
vn 0.7071066619772459 0 0.707106900395829
vn 0.7071066917795769 0 0.7071068705935067
vn 0.7071066321749235 0 0.70710693019814
vn 0.7071066619772459 0 0.707106900395829
vn 0.7071066321749235 0 0.70710693019814
vn 0.7071066321749235 0 0.70710693019814
vn 0.9999999999975007 -0.0000022355375222049193 -3.739818055227918e-8
vn 0.9999999999975007 -0.000002235537294831244 -3.739818055227918e-8
vn 0.9999999999975007 -0.0000022355370674575684 -3.739818055227918e-8
vn 0.9999999999975007 -0.0000022355375222049193 -3.739818055227918e-8
vn 0.9999999999975007 -0.0000022355370674575684 -3.739818055227918e-8
vn 0.9999999999975007 -0.0000022355370674575684 -3.73981769995655e-8
vn 0.7071069003953873 0.000001117768098113299 -0.707106661976804
vn 0.7071068705930651 0.0000011177681646897394 -0.7071066917791352
vn 0.7071069003953873 0.0000011177682118001386 -0.707106661976804
vn 0.7071069003953873 0.000001117768098113299 -0.707106661976804
vn 0.7071069003953873 0.0000011177682118001386 -0.707106661976804
vn 0.7071069003953873 0.000001117768098113299 -0.707106661976804
vn -8.714771830935381e-8 0.8013150089900243 0.5982426400444136
vn -8.714772036202903e-8 0.8013150874688244 0.5982425349261138
vn -8.714772435993987e-8 0.8013150588955034 0.5982425731986049
vn -8.714771830935381e-8 0.8013150089900243 0.5982426400444136
vn -8.714772435993987e-8 0.8013150588955034 0.5982425731986049
vn -8.714772852229825e-8 0.801315037563347 0.5982426017719268
vn -0.4230221033422232 0.8013141381673764 0.4230224013654555
vn -0.42302205333549675 0.8013141594996107 0.4230224109633584
vn -0.4230220480024364 0.8013141493974029 0.42302243543261503
vn -0.4230221033422232 0.8013141381673764 0.4230224013654555
vn -0.4230220480024364 0.8013141493974029 0.42302243543261503
vn -0.4230220586685568 0.8013141696018182 0.42302238649410084
vn 0.4230206850856471 0.8013157142533339 0.42302083409725705
vn 0.42302070955494747 0.8013157041511477 0.4230208287642339
vn 0.42302070955494747 0.8013157041511477 0.4230208287642339
vn 0.4230206850856471 0.8013157142533339 0.42302083409725705
vn 0.42302070955494747 0.8013157041511477 0.4230208287642339
vn 0.4230206850856471 0.8013157142533339 0.42302083409725705
vn 0.5982421624244963 0.8013153655694257 8.66768610652349e-9
vn 0.5982421624244963 0.8013153655694257 8.66768610652349e-9
vn 0.5982421241519756 0.8013153941427384 8.667686415595942e-9
vn 0.5982421624244963 0.8013153655694257 8.66768610652349e-9
vn 0.5982421241519756 0.8013153941427384 8.667686415595942e-9
vn 0.5982421241519756 0.8013153941427384 8.667687303774392e-9
vn 0.42302174519858315 0.8013146736322068 -0.42302174519858315
vn 0.42302174519858315 0.8013146736322068 -0.42302174519858315
vn 0.42302174519858315 0.8013146736322068 -0.42302174519858315
vn 0.42302174519858315 0.8013146736322068 -0.42302174519858315
vn 0.42302174519858315 0.8013146736322068 -0.42302174519858315
vn 0.42302176433480926 0.8013146534278093 -0.42302176433480926
vn 1.6503504483976768e-7 0.8013150588954956 -0.598242573198599
vn 1.6503503262650705e-7 0.8013150089900164 -0.5982426400444077
vn 1.6503504483976768e-7 0.8013150588954956 -0.598242573198599
vn 1.6503504483976768e-7 0.8013150588954956 -0.598242573198599
vn 1.6503504483976768e-7 0.8013150588954956 -0.598242573198599
vn 1.6503501641805862e-7 0.8013150588954956 -0.598242573198599
vn -0.42302066820479084 0.801315857939382 -0.4230205787978221
vn -0.42302071181037265 0.8013158276328205 -0.42302059260108554
vn -0.42302066820479084 0.801315857939382 -0.4230205787978221
vn -0.42302066820479084 0.801315857939382 -0.4230205787978221
vn -0.42302066820479084 0.801315857939382 -0.4230205787978221
vn -0.42302068200805204 0.8013158276328226 -0.4230206224034085
vn -0.5982391915818313 0.8013175835182298 -1.478067608473853e-7
vn -0.5982391915818313 0.8013175835182298 -1.478067608473853e-7
vn -0.5982391915818313 0.8013175835182298 -1.478067608473853e-7
vn -0.5982391915818313 0.8013175835182298 -1.478067608473853e-7
vn -0.5982391915818313 0.8013175835182298 -1.478067608473853e-7
vn -0.5982392298545605 0.8013175549449797 -1.4780678399862506e-7
vn 1.2593336848390495e-7 0.801311849668459 -0.5982468717685843
vn 1.2593335723936867e-7 0.8013119281477401 -0.5982467666507988
vn 1.259333669596554e-7 0.8013118995743296 -0.5982468049229879
vn 1.2593336848390495e-7 0.801311849668459 -0.5982468717685843
vn 1.259333669596554e-7 0.8013118995743296 -0.5982468049229879
vn 1.2593335723936867e-7 0.8013119281477401 -0.5982467666507988
vn 0.42302069544604326 0.8013154358555022 -0.4230213510971432
vn 0.42302070077907306 0.8013154459577009 -0.42302132662785813
vn 0.4230206561054056 0.8013154773920006 -0.4230213117564907
vn 0.42302069544604326 0.8013154358555022 -0.4230213510971432
vn 0.4230206561054056 0.8013154773920006 -0.4230213117564907
vn 0.42302070077907306 0.8013154459577009 -0.42302132662785813
vn -0.4230217803935692 0.8013147466031693 -0.42302157177731886
vn -0.42302173678806754 0.801314776909764 -0.42302155797413193
vn -0.42302175592429603 0.8013147567053692 -0.423021577110365
vn -0.4230217803935692 0.8013147466031693 -0.42302157177731886
vn -0.42302175592429603 0.8013147567053692 -0.423021577110365
vn -0.4230217761286959 0.8013147353731839 -0.42302159731475625
vn -0.5982416848043646 0.8013157221485372 -6.150388266818913e-8
vn -0.5982416465318098 0.8013157507218397 -6.150387775586595e-8
vn -0.5982416465318098 0.8013157507218397 -6.150388486129355e-8
vn -0.5982416848043646 0.8013157221485372 -6.150388266818913e-8
vn -0.5982416465318098 0.8013157507218397 -6.150388486129355e-8
vn -0.5982416848043646 0.8013157221485372 -6.150388266818913e-8
vn -0.4230219355600877 0.8013145198436139 0.423021846153122
vn -0.4230219653624081 0.801314519843611 0.4230218163507986
vn -0.4230219600293564 0.8013145097414127 0.42302184082007027
vn -0.4230219355600877 0.8013145198436139 0.423021846153122
vn -0.4230219600293564 0.8013145097414127 0.42302184082007027
vn -0.4230219600293564 0.8013145097414127 0.42302184082007027
vn -8.063471864320789e-8 0.8013136824808801 0.59824441683055
vn -8.063471441306495e-8 0.8013137110542399 0.5982443785581906
vn -8.063471538905723e-8 0.8013136611485924 0.5982444454039106
vn -8.063471864320789e-8 0.8013136824808801 0.59824441683055
vn -8.063471538905723e-8 0.8013136611485924 0.5982444454039106
vn -8.063470443235347e-8 0.8013136824808801 0.59824441683055
vn 0.42302089482960215 0.8013157759941482 0.4230205073994152
vn 0.42302087036030617 0.80131578609634 0.42302051273243674
vn 0.4230209341702599 0.8013157344576842 0.4230205467400642
vn 0.42302089482960215 0.8013157759941482 0.4230205073994152
vn 0.4230209341702599 0.8013157344576842 0.4230205467400642
vn 0.4230209139658754 0.8013157557897737 0.4230205265356982
vn 0.5982418184960704 0.8013156223377359 4.208669411854877e-8
vn 0.5982418184960704 0.8013156223377359 4.2086697671262524e-8
vn 0.5982418567686124 0.8013155937644301 4.2086692617821775e-8
vn 0.5982418184960704 0.8013156223377359 4.208669411854877e-8
vn 0.5982418567686124 0.8013155937644301 4.2086692617821775e-8
vn 0.5982418184960704 0.8013156223377359 4.2086690565835014e-8
vn -1.5777605000266664e-8 0.9999999999999976 7.057899154005992e-8
vn 2.601803217316955e-8 0.9999999999999996 2.0891143037715655e-8
vn 4.5979298590736884e-8 0.9999999999999971 6.049627643278637e-8
vn -4.271165110480974e-8 0.9999999999999989 2.5971207406882938e-8
vn 2.601803217316955e-8 0.9999999999999996 2.0891143037715655e-8
vn -1.5777605000266664e-8 0.9999999999999976 7.057899154005992e-8
vn -2.3666398618615822e-8 0.9999999999999984 -4.9649134581386454e-8
vn 2.601803217316955e-8 0.9999999999999996 2.0891143037715655e-8
vn -4.271165110480974e-8 0.9999999999999989 2.5971207406882938e-8
vn 5.08807715959846e-8 0.999999999999998 -3.5289485111888935e-8
vn 2.601803217316955e-8 0.9999999999999996 2.0891143037715655e-8
vn -2.3666398618615822e-8 0.9999999999999984 -4.9649134581386454e-8
vn 9.291565561397833e-8 0.9999999999999956 2.01654213327628e-8
vn 2.601803217316955e-8 0.9999999999999996 2.0891143037715655e-8
vn 5.08807715959846e-8 0.999999999999998 -3.5289485111888935e-8
vn 4.992369895262519e-8 0.9999999999999982 3.2386601844791525e-8
vn 2.601803217316955e-8 0.9999999999999996 2.0891143037715655e-8
vn 9.291565561397833e-8 0.9999999999999956 2.01654213327628e-8
vn 5.060045538129987e-8 0.9999999999999978 4.2469316952065035e-8
vn 2.601803217316955e-8 0.9999999999999996 2.0891143037715655e-8
vn 4.992369895262519e-8 0.9999999999999982 3.2386601844791525e-8
vn 4.5979298590736884e-8 0.9999999999999971 6.049627643278637e-8
vn 2.601803217316955e-8 0.9999999999999996 2.0891143037715655e-8
vn 5.060045538129987e-8 0.9999999999999978 4.2469316952065035e-8
vn 7.496056753097926e-8 0 -0.9999999999999973
vn 7.496056753097926e-8 0 -0.9999999999999973
vn 7.496057463640662e-8 0 -0.9999999999999973
vn 7.496056753097926e-8 0 -0.9999999999999973
vn 7.496057463640662e-8 0 -0.9999999999999973
vn 7.496056753097926e-8 0 -0.9999999999999973
vn -1.1367223606839543e-7 0 0.9999999999999936
vn -1.1367223606839543e-7 0 0.9999999999999936
vn -1.1367223606839543e-7 0 0.9999999999999936
vn -1.1367223606839543e-7 0 0.9999999999999936
vn -1.1367223606839543e-7 0 0.9999999999999936
vn -1.1367223606839543e-7 0 0.9999999999999936
vn -0.7071068407911908 0 -0.7071067215818992
vn -0.7071068407911908 0 -0.7071067215818992
vn -0.7071068407911908 0 -0.7071067215818992
vn -0.7071068407911908 0 -0.7071067215818992
vn -0.7071068407911908 0 -0.7071067215818992
vn -0.7071068109888685 0 -0.7071067513842252
vn 0.7071068705935067 0 0.7071066917795769
vn 0.7071068705935067 0 0.7071066917795769
vn 0.7071068705935067 0 0.7071066917795769
vn 0.7071068705935067 0 0.7071066917795769
vn 0.7071068705935067 0 0.7071066917795769
vn 0.7071068705935067 0 0.7071066917795769
vn -1 0 0
vn -1 0 0
vn -1 0 0
vn -1 0 0
vn -1 0 0
vn -1 0 0
vn 0.9999999999999936 0 1.130327049736472e-7
vn 0.9999999999999936 0 1.1303271207907455e-7
vn 0.9999999999999936 0 1.130327049736472e-7
vn 0.9999999999999936 0 1.130327049736472e-7
vn 0.9999999999999936 0 1.130327049736472e-7
vn 0.9999999999999936 0 1.130327049736472e-7
vn -0.7071068407911908 0 0.7071067215818992
vn -0.7071068407911908 0 0.7071067215818992
vn -0.7071068109888685 0 0.7071067513842252
vn -0.7071068407911908 0 0.7071067215818992
vn -0.7071068109888685 0 0.7071067513842252
vn -0.7071068407911908 0 0.7071067215818992
vn 0.7071066619772459 0 -0.707106900395829
vn 0.7071066619772459 0 -0.707106900395829
vn 0.7071066917795769 0 -0.7071068705935067
vn 0.7071066619772459 0 -0.707106900395829
vn 0.7071066917795769 0 -0.7071068705935067
vn 0.7071066917795769 0 -0.7071068705935067
vn -7.496046805499626e-8 0 0.9999999999999973
vn -7.49604609495689e-8 0 0.9999999999999973
vn -7.49604609495689e-8 0 0.9999999999999973
vn -7.496046805499626e-8 0 0.9999999999999973
vn -7.49604609495689e-8 0 0.9999999999999973
vn -7.496046805499626e-8 0 0.9999999999999973
vn 2.273444152933676e-7 0 -0.9999999999999742
vn 2.2734442950422232e-7 0 -0.9999999999999742
vn 2.273444152933676e-7 0 -0.9999999999999742
vn 2.273444152933676e-7 0 -0.9999999999999742
vn 2.273444152933676e-7 0 -0.9999999999999742
vn 2.2734442950422232e-7 0 -0.9999999999999742
vn 0.7071068705933796 5.996837294282296e-7 0.7071066917794497
vn 0.7071068705933796 5.996837294282296e-7 0.7071066917794497
vn 0.7071068705933796 5.996837294282296e-7 0.7071066917794497
vn 0.7071068705933796 5.996837294282296e-7 0.7071066917794497
vn 0.7071068705933796 5.996837294282296e-7 0.7071066917794497
vn 0.7071068705933796 5.996837294282296e-7 0.7071066917794497
vn -0.7071068407911908 0 -0.7071067215818992
vn -0.7071068705935067 0 -0.7071066917795769
vn -0.7071068705935067 0 -0.7071066917795769
vn -0.7071068407911908 0 -0.7071067215818992
vn -0.7071068705935067 0 -0.7071066917795769
vn -0.7071068407911908 0 -0.7071067215818992
vn 0.9999999999999973 0 -7.453864725448491e-8
vn 0.9999999999999973 0 -7.453864725448491e-8
vn 0.9999999999999973 0 -7.453864725448491e-8
vn 0.9999999999999973 0 -7.453864725448491e-8
vn 0.9999999999999973 0 -7.453864725448491e-8
vn 0.9999999999999973 0 -7.453864725448491e-8
vn -0.9999999999999936 0 -1.130327049736472e-7
vn -0.9999999999999936 0 -1.1303269786821984e-7
vn -0.9999999999999936 0 -1.130327049736472e-7
vn -0.9999999999999936 0 -1.130327049736472e-7
vn -0.9999999999999936 0 -1.130327049736472e-7
vn -0.9999999999999936 0 -1.130327049736472e-7
vn 0.7071065427679242 0 -0.7071070196050905
vn 0.7071066023725875 0 -0.7071069600004624
vn 0.7071065725702652 0 -0.7071069898027682
vn 0.7071065427679242 0 -0.7071070196050905
vn 0.7071065725702652 0 -0.7071069898027682
vn 0.7071065725702652 0 -0.7071069898027682
vn -0.7071067811865476 0 0.7071067811865476
vn -0.7071067811865476 0 0.7071067811865476
vn -0.7071067811865476 0 0.7071067811865476
vn -0.7071067811865476 0 0.7071067811865476
vn -0.7071067811865476 0 0.7071067811865476
vn -0.7071067811865476 0 0.7071067811865476
vn 5.1029392267309674e-8 0.9999999999999944 9.250722854403596e-8
vn 5.102938160916864e-8 0.9999999999999944 9.250720012232653e-8
vn -4.5411840954301366e-10 0.9999999999999993 3.7002887864900887e-8
vn 5.1029392267309674e-8 0.9999999999999944 9.250722854403596e-8
vn -4.5411840954301366e-10 0.9999999999999993 3.7002887864900887e-8
vn -4.541158282744814e-10 0.9999999999999993 3.700288075947353e-8
vn 1.1888244699775782e-7 0.9999999999999905 6.938041963166986e-8
vn 1.1888244699775782e-7 0.9999999999999905 6.938044094795193e-8
vn 5.102938160916864e-8 0.9999999999999944 9.250720012232653e-8
vn 1.1888244699775782e-7 0.9999999999999905 6.938041963166986e-8
vn 5.102938160916864e-8 0.9999999999999944 9.250720012232653e-8
vn 5.1029392267309674e-8 0.9999999999999944 9.250722854403596e-8
vn 1.032021117453032e-7 0.9999999999999909 -8.788187955133174e-8
vn 1.0320212595615791e-7 0.9999999999999909 -8.788186534047702e-8
vn 1.1888244699775782e-7 0.9999999999999905 6.938044094795193e-8
vn 1.032021117453032e-7 0.9999999999999909 -8.788187955133174e-8
vn 1.1888244699775782e-7 0.9999999999999905 6.938044094795193e-8
vn 1.1888244699775782e-7 0.9999999999999905 6.938041963166986e-8
vn 4.09769143061564e-8 0.9999999999999931 -1.1100864583113358e-7
vn 4.097692141158376e-8 0.9999999999999931 -1.1100865293656093e-7
vn 1.0320212595615791e-7 0.9999999999999909 -8.788186534047702e-8
vn 4.09769143061564e-8 0.9999999999999931 -1.1100864583113358e-7
vn 1.0320212595615791e-7 0.9999999999999909 -8.788186534047702e-8
vn 1.032021117453032e-7 0.9999999999999909 -8.788187955133174e-8
vn 1.1493378693216936e-8 0.999999999999996 -8.788182981334067e-8
vn 1.1493383134109035e-8 0.999999999999996 -8.788182981334067e-8
vn 4.097692141158376e-8 0.9999999999999931 -1.1100865293656093e-7
vn 1.1493378693216936e-8 0.999999999999996 -8.788182981334067e-8
vn 4.097692141158376e-8 0.9999999999999931 -1.1100865293656093e-7
vn 4.09769143061564e-8 0.9999999999999931 -1.1100864583113358e-7
vn -1.0998365240766283e-7 0.9999999999999929 -4.821558619028076e-8
vn -1.0998360977509869e-7 0.9999999999999929 -4.821560040113547e-8
vn 1.1493383134109035e-8 0.999999999999996 -8.788182981334067e-8
vn -1.0998365240766283e-7 0.9999999999999929 -4.821558619028076e-8
vn 1.1493383134109035e-8 0.999999999999996 -8.788182981334067e-8
vn 1.1493378693216936e-8 0.999999999999996 -8.788182981334067e-8
vn -1.1630329765921406e-7 0.9999999999999929 3.0415510110515024e-8
vn -1.1630329765921406e-7 0.9999999999999929 3.04155136632287e-8
vn -1.0998360977509869e-7 0.9999999999999929 -4.821560040113547e-8
vn -1.1630329765921406e-7 0.9999999999999929 3.0415510110515024e-8
vn -1.0998360977509869e-7 0.9999999999999929 -4.821560040113547e-8
vn -1.0998365240766283e-7 0.9999999999999929 -4.821558619028076e-8
vn -4.541158282744814e-10 0.9999999999999993 3.700288075947353e-8
vn -4.5411840954301366e-10 0.9999999999999993 3.7002887864900887e-8
vn -1.1630329765921406e-7 0.9999999999999929 3.04155136632287e-8
vn -4.541158282744814e-10 0.9999999999999993 3.700288075947353e-8
vn -1.1630329765921406e-7 0.9999999999999929 3.04155136632287e-8
vn -1.1630329765921406e-7 0.9999999999999929 3.0415510110515024e-8
f 1/1/1 2/2/2 3/3/3
f 4/4/4 5/5/5 6/6/6
f 7/7/7 8/8/8 9/9/9
f 10/10/10 11/11/11 12/12/12
f 13/13/13 14/14/14 15/15/15
f 16/16/16 17/17/17 18/18/18
f 19/19/19 20/20/20 21/21/21
f 22/22/22 23/23/23 24/24/24
f 25/25/25 26/26/26 27/27/27
f 28/28/28 29/29/29 30/30/30
f 31/31/31 32/32/32 33/33/33
f 34/34/34 35/35/35 36/36/36
f 37/37/37 38/38/38 39/39/39
f 40/40/40 41/41/41 42/42/42
f 43/43/43 44/44/44 45/45/45
f 46/46/46 47/47/47 48/48/48
f 49/49/49 50/50/50 51/51/51
f 52/52/52 53/53/53 54/54/54
f 55/55/55 56/56/56 57/57/57
f 58/58/58 59/59/59 60/60/60
f 61/61/61 62/62/62 63/63/63
f 64/64/64 65/65/65 66/66/66
f 67/67/67 68/68/68 69/69/69
f 70/70/70 71/71/71 72/72/72
f 73/73/73 74/74/74 75/75/75
f 76/76/76 77/77/77 78/78/78
f 79/79/79 80/80/80 81/81/81
f 82/82/82 83/83/83 84/84/84
f 85/85/85 86/86/86 87/87/87
f 88/88/88 89/89/89 90/90/90
f 91/91/91 92/92/92 93/93/93
f 94/94/94 95/95/95 96/96/96
f 97/97/97 98/98/98 99/99/99
f 100/100/100 101/101/101 102/102/102
f 103/103/103 104/104/104 105/105/105
f 106/106/106 107/107/107 108/108/108
f 109/109/109 110/110/110 111/111/111
f 112/112/112 113/113/113 114/114/114
f 115/115/115 116/116/116 117/117/117
f 118/118/118 119/119/119 120/120/120
f 121/121/121 122/122/122 123/123/123
f 124/124/124 125/125/125 126/126/126
f 127/127/127 128/128/128 129/129/129
f 130/130/130 131/131/131 132/132/132
f 133/133/133 134/134/134 135/135/135
f 136/136/136 137/137/137 138/138/138
f 139/139/139 140/140/140 141/141/141
f 142/142/142 143/143/143 144/144/144
f 145/145/145 146/146/146 147/147/147
f 148/148/148 149/149/149 150/150/150
f 151/151/151 152/152/152 153/153/153
f 154/154/154 155/155/155 156/156/156
f 157/157/157 158/158/158 159/159/159
f 160/160/160 161/161/161 162/162/162
f 163/163/163 164/164/164 165/165/165
f 166/166/166 167/167/167 168/168/168
f 169/169/169 170/170/170 171/171/171
f 172/172/172 173/173/173 174/174/174
f 175/175/175 176/176/176 177/177/177
f 178/178/178 179/179/179 180/180/180
f 181/181/181 182/182/182 183/183/183
f 184/184/184 185/185/185 186/186/186
f 187/187/187 188/188/188 189/189/189
f 190/190/190 191/191/191 192/192/192
f 193/193/193 194/194/194 195/195/195
f 196/196/196 197/197/197 198/198/198
f 199/199/199 200/200/200 201/201/201
f 202/202/202 203/203/203 204/204/204
f 205/205/205 206/206/206 207/207/207
f 208/208/208 209/209/209 210/210/210
f 211/211/211 212/212/212 213/213/213
f 214/214/214 215/215/215 216/216/216
f 217/217/217 218/218/218 219/219/219
f 220/220/220 221/221/221 222/222/222
f 223/223/223 224/224/224 225/225/225
f 226/226/226 227/227/227 228/228/228
f 229/229/229 230/230/230 231/231/231
f 232/232/232 233/233/233 234/234/234
f 235/235/235 236/236/236 237/237/237
f 238/238/238 239/239/239 240/240/240
f 241/241/241 242/242/242 243/243/243
f 244/244/244 245/245/245 246/246/246
f 247/247/247 248/248/248 249/249/249
f 250/250/250 251/251/251 252/252/252
f 253/253/253 254/254/254 255/255/255
f 256/256/256 257/257/257 258/258/258
f 259/259/259 260/260/260 261/261/261
f 262/262/262 263/263/263 264/264/264
f 265/265/265 266/266/266 267/267/267
f 268/268/268 269/269/269 270/270/270
f 271/271/271 272/272/272 273/273/273
f 274/274/274 275/275/275 276/276/276
f 277/277/277 278/278/278 279/279/279
f 280/280/280 281/281/281 282/282/282
f 283/283/283 284/284/284 285/285/285
f 286/286/286 287/287/287 288/288/288
f 289/289/289 290/290/290 291/291/291
f 292/292/292 293/293/293 294/294/294
f 295/295/295 296/296/296 297/297/297
f 298/298/298 299/299/299 300/300/300
f 301/301/301 302/302/302 303/303/303
f 304/304/304 305/305/305 306/306/306
f 307/307/307 308/308/308 309/309/309
f 310/310/310 311/311/311 312/312/312
f 313/313/313 314/314/314 315/315/315
f 316/316/316 317/317/317 318/318/318
f 319/319/319 320/320/320 321/321/321
f 322/322/322 323/323/323 324/324/324
f 325/325/325 326/326/326 327/327/327
f 328/328/328 329/329/329 330/330/330
f 331/331/331 332/332/332 333/333/333
f 334/334/334 335/335/335 336/336/336
f 337/337/337 338/338/338 339/339/339
f 340/340/340 341/341/341 342/342/342
f 343/343/343 344/344/344 345/345/345
f 346/346/346 347/347/347 348/348/348
f 349/349/349 350/350/350 351/351/351
f 352/352/352 353/353/353 354/354/354
f 355/355/355 356/356/356 357/357/357
f 358/358/358 359/359/359 360/360/360
f 361/361/361 362/362/362 363/363/363
f 364/364/364 365/365/365 366/366/366
f 367/367/367 368/368/368 369/369/369
f 370/370/370 371/371/371 372/372/372
f 373/373/373 374/374/374 375/375/375
f 376/376/376 377/377/377 378/378/378
f 379/379/379 380/380/380 381/381/381
f 382/382/382 383/383/383 384/384/384
f 385/385/385 386/386/386 387/387/387
f 388/388/388 389/389/389 390/390/390
f 391/391/391 392/392/392 393/393/393
f 394/394/394 395/395/395 396/396/396
f 397/397/397 398/398/398 399/399/399
f 400/400/400 401/401/401 402/402/402
f 403/403/403 404/404/404 405/405/405
f 406/406/406 407/407/407 408/408/408
f 409/409/409 410/410/410 411/411/411
f 412/412/412 413/413/413 414/414/414
f 415/415/415 416/416/416 417/417/417
f 418/418/418 419/419/419 420/420/420
f 421/421/421 422/422/422 423/423/423
f 424/424/424 425/425/425 426/426/426
f 427/427/427 428/428/428 429/429/429
f 430/430/430 431/431/431 432/432/432
f 433/433/433 434/434/434 435/435/435
f 436/436/436 437/437/437 438/438/438
f 439/439/439 440/440/440 441/441/441
f 442/442/442 443/443/443 444/444/444
f 445/445/445 446/446/446 447/447/447
f 448/448/448 449/449/449 450/450/450
f 451/451/451 452/452/452 453/453/453
f 454/454/454 455/455/455 456/456/456
f 457/457/457 458/458/458 459/459/459
f 460/460/460 461/461/461 462/462/462
f 463/463/463 464/464/464 465/465/465
f 466/466/466 467/467/467 468/468/468
f 469/469/469 470/470/470 471/471/471
f 472/472/472 473/473/473 474/474/474
f 475/475/475 476/476/476 477/477/477
f 478/478/478 479/479/479 480/480/480
f 481/481/481 482/482/482 483/483/483
f 484/484/484 485/485/485 486/486/486
f 487/487/487 488/488/488 489/489/489
f 490/490/490 491/491/491 492/492/492
f 493/493/493 494/494/494 495/495/495
f 496/496/496 497/497/497 498/498/498
f 499/499/499 500/500/500 501/501/501
f 502/502/502 503/503/503 504/504/504
f 505/505/505 506/506/506 507/507/507
f 508/508/508 509/509/509 510/510/510
f 511/511/511 512/512/512 513/513/513
f 514/514/514 515/515/515 516/516/516
f 517/517/517 518/518/518 519/519/519
f 520/520/520 521/521/521 522/522/522
f 523/523/523 524/524/524 525/525/525
f 526/526/526 527/527/527 528/528/528
f 529/529/529 530/530/530 531/531/531
f 532/532/532 533/533/533 534/534/534
f 535/535/535 536/536/536 537/537/537
f 538/538/538 539/539/539 540/540/540
f 541/541/541 542/542/542 543/543/543
f 544/544/544 545/545/545 546/546/546
f 547/547/547 548/548/548 549/549/549
f 550/550/550 551/551/551 552/552/552
f 553/553/553 554/554/554 555/555/555
f 556/556/556 557/557/557 558/558/558
f 559/559/559 560/560/560 561/561/561
f 562/562/562 563/563/563 564/564/564
f 565/565/565 566/566/566 567/567/567
f 568/568/568 569/569/569 570/570/570
f 571/571/571 572/572/572 573/573/573
f 574/574/574 575/575/575 576/576/576
f 577/577/577 578/578/578 579/579/579
f 580/580/580 581/581/581 582/582/582
f 583/583/583 584/584/584 585/585/585
f 586/586/586 587/587/587 588/588/588
f 589/589/589 590/590/590 591/591/591
f 592/592/592 593/593/593 594/594/594
f 595/595/595 596/596/596 597/597/597
f 598/598/598 599/599/599 600/600/600
f 601/601/601 602/602/602 603/603/603
f 604/604/604 605/605/605 606/606/606
f 607/607/607 608/608/608 609/609/609
f 610/610/610 611/611/611 612/612/612
f 613/613/613 614/614/614 615/615/615
f 616/616/616 617/617/617 618/618/618
f 619/619/619 620/620/620 621/621/621
f 622/622/622 623/623/623 624/624/624
f 625/625/625 626/626/626 627/627/627
f 628/628/628 629/629/629 630/630/630
f 631/631/631 632/632/632 633/633/633
f 634/634/634 635/635/635 636/636/636
f 637/637/637 638/638/638 639/639/639
f 640/640/640 641/641/641 642/642/642
f 643/643/643 644/644/644 645/645/645
f 646/646/646 647/647/647 648/648/648
f 649/649/649 650/650/650 651/651/651
f 652/652/652 653/653/653 654/654/654
f 655/655/655 656/656/656 657/657/657
f 658/658/658 659/659/659 660/660/660
f 661/661/661 662/662/662 663/663/663
f 664/664/664 665/665/665 666/666/666
f 667/667/667 668/668/668 669/669/669
f 670/670/670 671/671/671 672/672/672
f 673/673/673 674/674/674 675/675/675
f 676/676/676 677/677/677 678/678/678
f 679/679/679 680/680/680 681/681/681
f 682/682/682 683/683/683 684/684/684
f 685/685/685 686/686/686 687/687/687
f 688/688/688 689/689/689 690/690/690
f 691/691/691 692/692/692 693/693/693
f 694/694/694 695/695/695 696/696/696
f 697/697/697 698/698/698 699/699/699
f 700/700/700 701/701/701 702/702/702
f 703/703/703 704/704/704 705/705/705
f 706/706/706 707/707/707 708/708/708
f 709/709/709 710/710/710 711/711/711
f 712/712/712 713/713/713 714/714/714
f 715/715/715 716/716/716 717/717/717
f 718/718/718 719/719/719 720/720/720
f 721/721/721 722/722/722 723/723/723
f 724/724/724 725/725/725 726/726/726
f 727/727/727 728/728/728 729/729/729
f 730/730/730 731/731/731 732/732/732
f 733/733/733 734/734/734 735/735/735
f 736/736/736 737/737/737 738/738/738
f 739/739/739 740/740/740 741/741/741
f 742/742/742 743/743/743 744/744/744
f 745/745/745 746/746/746 747/747/747
f 748/748/748 749/749/749 750/750/750
f 751/751/751 752/752/752 753/753/753
f 754/754/754 755/755/755 756/756/756
f 757/757/757 758/758/758 759/759/759
f 760/760/760 761/761/761 762/762/762
f 763/763/763 764/764/764 765/765/765
f 766/766/766 767/767/767 768/768/768
